id,property,buyer
9,Cicercha Purpurina,zacharia_byram
10,Oahu Gardenia,dilan_greson
11,Setariopsis,cornie_unthank
12,Watergrass,jacqui_gronou
13,Cold-desert Phlox,mikkel_spinley
14,Royal Snoutbean,kristian_blair
15,Jones' Columbine,kristian_blair
16,Spiritweed,marty_pocklington
17,Huachuca Xanthoparmelia Lichen,holt_lidyard
18,Beard Lichen,steven_cotes
19,Piedmont Flatsedge,kristian_blair
20,Little Sagebrush,hali_sollett
21,Florist's Daisy,steven_cotes
22,Hawai'i Stingingnettle,lib_wickie
23,Pyrenocollema Lichen,mikkel_spinley
24,Palo De Hueso,maris_murcott
25,Woolly Brome,shoshanna_collabine
26,Fraser's Marsh St. Johnswort,martino_siebart
27,Beard Lichen,cash_sarfati
28,Southern Rockbell,gwyn_boame
29,European Feather Grass,jaye_miskimmon
30,Maui Islandmint,lib_wickie
31,Bog White Violet,jaye_miskimmon
32,Hoary Blackfoot,dee_jolliff
33,Michaux's Wormwood,jacqui_gronou
34,Little Sagebrush,dilan_greson
35,Cordgrass,holt_lidyard
36,Toadshade,shoshanna_collabine
37,Palo De Hueso,alasdair_khilkov
38,Honeycup,garfield_sissel
39,Apetalous Sandwort,jacob_smale
40,Hoary Blackfoot,jacob_smale
41,Sprawling Dewberry,alasdair_khilkov
42,Nikko Fir,dinnie_sillitoe
43,Goosefoot Violet,marty_pocklington
44,Inflated Grasswidow,holt_lidyard
45,Shrubland Beggarticks,steven_cotes
46,Lecidea Lichen,jacqui_gronou
47,Puu Kuhui,cornie_unthank
48,Western Halfchaff Sedge,dee_jolliff
49,Curlyheads,jacob_smale
50,Northland Cottonsedge,marty_pocklington
51,Pennsylvania Clubmoss,alasdair_khilkov
52,Flyr's Brickellbush,dilan_greson
53,Royal Snoutbean,mikkel_spinley
54,Toadshade,jacqui_gronou
55,Brown Sedge,mikkel_spinley
56,Cavedwelling Primrose,steven_cotes
57,Small Wirelettuce,mikkel_spinley
58,Inflated Grasswidow,hestia_ponte
59,Desert Combleaf,hali_sollett
60,Nikko Fir,garfield_sissel
61,Lecidea Lichen,mikkel_spinley
62,Round-head Clover,hali_sollett
63,Curlyheads,garfield_sissel
64,Gundlachia,dunn_ordelt
65,Baldwin's Eryngo,bourke_joly
66,Scurfpea,odele_spat
67,Arizona False Goldenaster,bourke_joly
68,Goosefoot Violet,gwyn_boame
69,Brazilian Pricklypear,elaine_correa
70,Woolly Cottonflower,marty_pocklington
71,Brown Sedge,elaine_correa
72,Baldwin's Eryngo,holt_lidyard
73,Desert Combleaf,hestia_ponte
74,Peniocereus,dilan_greson
75,Tall Threeawn,gwyn_boame
76,Sprawling Dewberry,joanne_spendlove
77,Huachuca Xanthoparmelia Lichen,dinnie_sillitoe
78,Woolly Brome,dunn_ordelt
79,False Toadflax,lib_wickie
80,Osterhout's Lupine,garfield_sissel
81,Setariopsis,hali_sollett
82,Michaux's Wormwood,martino_siebart
83,Piedmont Flatsedge,joanne_spendlove
84,Palo De Hueso,maris_murcott
85,Goosefoot Violet,maris_murcott
86,Dwarf Cupflower,hestia_ponte
87,Mourning Milkvetch,dunn_ordelt
88,Maui Islandmint,lib_wickie
89,Pyrenocollema Lichen,shoshanna_collabine
90,Palo De Hueso,jacob_smale
91,Arizona False Goldenaster,bourke_joly
92,Earth Lichen,garfield_sissel
93,Hypnum Moss,dilan_greson
94,Baldwin's Eryngo,dilan_greson
95,Pricklypear,holt_lidyard
96,Pyrenocollema Lichen,dilan_greson
97,Star Gentian,mikkel_spinley
98,Cape Thompson Draba,elaine_correa
99,Cornflag,shoshanna_collabine
100,Cavedwelling Primrose,dee_jolliff
101,Palo De Hueso,martino_siebart
102,Cordgrass,jacqui_gronou
103,Pricklypear,maris_murcott
104,Setariopsis,holt_lidyard
105,Mountain Xanthoparmelia Lichen,dee_jolliff
106,Alpine Bearberry,elaine_correa
107,Serpentine Ragwort,dunn_ordelt
108,Chiodecton Lichen,elaine_correa
109,Beard Lichen,elaine_correa
110,Desert Combleaf,dee_jolliff
111,Woolly Brome,zacharia_byram
112,Polar Willow,maris_murcott
113,Puu Kuhui,gwyn_boame
114,Star Gentian,joanne_spendlove
115,Woolly Cottonflower,joanne_spendlove
116,Cold-desert Phlox,dunn_ordelt
117,Arizona Signalgrass,gwyn_boame
118,Brown Sedge,dunn_ordelt
119,Horse-gentian,lib_wickie
120,Toadshade,steven_cotes
121,Little Sagebrush,hestia_ponte
122,Osterhout's Lupine,elaine_correa
123,Evergreen Clematis,bourke_joly
124,Oahu Gardenia,lib_wickie
125,False Toadflax,martino_siebart
126,Pitted Stripeseed,steven_cotes
127,European Feather Grass,bourke_joly
128,Whiskerbrush,lib_wickie
129,Woolly Brome,mikkel_spinley
130,Evergreen Clematis,cash_sarfati
131,Curlyheads,jaye_miskimmon
132,Star Gentian,kristian_blair
133,Viburnum,steven_cotes
134,Horse-gentian,dinnie_sillitoe
135,Mourning Milkvetch,cash_sarfati
136,Inflated Grasswidow,zacharia_byram
137,Stiff Sedge,alasdair_khilkov
138,Nikko Fir,jaye_miskimmon
139,Maui Islandmint,dunn_ordelt
140,Cavedwelling Primrose,holt_lidyard
141,Showy Draba,dunn_ordelt
142,Silverskin Lichen,shoshanna_collabine
143,Tenlobe False Foxglove,elaine_correa
144,Sprawling Dewberry,joanne_spendlove
145,Canada Germander,maris_murcott
146,Cordgrass,steven_cotes
147,Redflower Bird's-foot Trefoil,dinnie_sillitoe
148,Woolly Brome,gwyn_boame
149,Royal Snoutbean,zacharia_byram
150,Curlyheads,cornie_unthank
151,Cavedwelling Primrose,hali_sollett
152,Reznicek's Sedge,dee_jolliff
153,Lecidea Lichen,garfield_sissel
154,Honeycup,jacqui_gronou
155,Royal Snoutbean,dilan_greson
156,Brazilian Pricklypear,martino_siebart
157,Tenlobe False Foxglove,mikkel_spinley
158,Ware's Hairsedge,garfield_sissel
159,False Toadflax,marty_pocklington
160,Beard Lichen,jaye_miskimmon
161,Island Tonguefern,jacob_smale
162,Island Tonguefern,lib_wickie
163,Goosefoot Violet,dinnie_sillitoe
164,Cape Thompson Draba,gwyn_boame
165,Pricklypear,dinnie_sillitoe
166,Stiff Sedge,jaye_miskimmon
167,Maui Islandmint,shoshanna_collabine
168,Arizona Signalgrass,jacob_smale
169,Flyr's Brickellbush,dunn_ordelt
170,Puu Kuhui,dunn_ordelt
171,False Toadflax,bourke_joly
172,Fraser's Marsh St. Johnswort,steven_cotes
173,Whiskerbrush,alasdair_khilkov
174,Cold-desert Phlox,cornie_unthank
175,Pyrenocollema Lichen,garfield_sissel
176,Rose Gentian,dee_jolliff
177,Spiritweed,holt_lidyard
178,Ashland Cinquefoil,garfield_sissel
179,Dot Lichen,garfield_sissel
180,Baldwin's Eryngo,dinnie_sillitoe
181,Stiff Sedge,dilan_greson
182,Flyr's Brickellbush,dilan_greson
183,Woolly Cottonflower,hestia_ponte
184,Mourning Milkvetch,dee_jolliff
185,Angularfruit Ma'oloa,zacharia_byram
186,Curlyheads,dilan_greson
187,Earth Lichen,steven_cotes
188,Cicercha Purpurina,marty_pocklington
189,Scurfpea,garfield_sissel
190,Setariopsis,hestia_ponte
191,Star Gentian,maris_murcott
192,Hoary Blackfoot,dee_jolliff
193,Horse-gentian,shoshanna_collabine
194,Oceanspray,odele_spat
195,Reznicek's Sedge,marty_pocklington
196,Pitted Stripeseed,marty_pocklington
197,Plateau Phacelia,marty_pocklington
198,Hawai'i Stingingnettle,martino_siebart
199,Pyrenocollema Lichen,alasdair_khilkov
200,Inflated Grasswidow,joanne_spendlove
201,Baldwin's Eryngo,maris_murcott
202,Arizona False Goldenaster,kristian_blair
203,Earth Lichen,zacharia_byram
204,Michaux's Wormwood,zacharia_byram
205,Round-head Clover,garfield_sissel
206,Pitted Stripeseed,cornie_unthank
207,European Feather Grass,joanne_spendlove
208,Apetalous Sandwort,joanne_spendlove
209,Snow Lichen,hali_sollett
210,Showy Draba,dinnie_sillitoe
211,Puu Kuhui,jacob_smale
212,Dot Lichen,elaine_correa
213,Brown Sedge,bourke_joly
214,Bog Stitchwort,dilan_greson
215,Inflated Grasswidow,dunn_ordelt
216,Gundlachia,odele_spat
217,Mourning Milkvetch,zacharia_byram
218,Kidneyleaf Rosinweed,alasdair_khilkov
219,Pyrenocollema Lichen,martino_siebart
220,Mountain Xanthoparmelia Lichen,dee_jolliff
221,Evergreen Clematis,bourke_joly
222,Polar Willow,dilan_greson
223,Island Tonguefern,jacob_smale
224,Apetalous Sandwort,mikkel_spinley
225,Spiritweed,jacqui_gronou
226,False Toadflax,zacharia_byram
227,Horse-gentian,dee_jolliff
228,Inflated Grasswidow,shoshanna_collabine
229,Fraser's Marsh St. Johnswort,zacharia_byram
230,Honeycup,jaye_miskimmon
231,Peniocereus,hestia_ponte
232,Tall Threeawn,cornie_unthank
233,Northland Cottonsedge,jacob_smale
234,Woolly Brome,mikkel_spinley
235,Dwarf Cupflower,hestia_ponte
236,Bog Stitchwort,garfield_sissel
237,Brown Sedge,maris_murcott
238,Little Sagebrush,zacharia_byram
239,Setariopsis,kristian_blair
240,Nikko Fir,zacharia_byram
241,Pitted Stripeseed,dee_jolliff
242,Dot Lichen,mikkel_spinley
243,Hoary Blackfoot,dinnie_sillitoe
244,Longstalk Clover,jaye_miskimmon
245,European Feather Grass,dilan_greson
246,Puu Kuhui,cash_sarfati
247,Honeycup,mikkel_spinley
248,Brown Sedge,alasdair_khilkov
249,Michaux's Wormwood,jacqui_gronou
250,Peniocereus,bourke_joly
251,Jones' Columbine,alasdair_khilkov
252,Chiodecton Lichen,gwyn_boame
253,Wavyleaf Indian Paintbrush,jacqui_gronou
254,Michaux's Wormwood,cornie_unthank
255,Northland Cottonsedge,cash_sarfati
256,Piedmont Flatsedge,steven_cotes
257,Silverskin Lichen,lib_wickie
258,Kidneyleaf Rosinweed,dee_jolliff
259,Sand Dropseed,elaine_correa
260,Stiff Sedge,dunn_ordelt
261,Lecidea Lichen,lib_wickie
262,Redflower Bird's-foot Trefoil,hestia_ponte
263,Piedmont Flatsedge,hali_sollett
264,Watergrass,joanne_spendlove
265,Plateau Phacelia,dinnie_sillitoe
266,Puu Kuhui,jacob_smale
267,Fraser's Marsh St. Johnswort,gwyn_boame
268,Apetalous Sandwort,dilan_greson
269,Stiff Sedge,gwyn_boame
270,Longstalk Clover,kristian_blair
271,Baldwin's Eryngo,bourke_joly
272,Island Tonguefern,zacharia_byram
273,Dot Lichen,joanne_spendlove
274,Earth Lichen,bourke_joly
275,Hawai'i Stingingnettle,maris_murcott
276,Spiritweed,zacharia_byram
277,Ashland Cinquefoil,hestia_ponte
278,Attalea Palm,hali_sollett
279,Pitted Stripeseed,marty_pocklington
280,Maui Islandmint,dee_jolliff
281,Rose Gentian,dinnie_sillitoe
282,Longstalk Clover,shoshanna_collabine
283,Lilac Chastetree,dinnie_sillitoe
284,Florist's Daisy,holt_lidyard
285,Beard Lichen,hali_sollett
286,Lecidea Lichen,cash_sarfati
287,Royal Snoutbean,dilan_greson
288,Tall Threeawn,hali_sollett
289,Round-head Clover,jacob_smale
290,Longstalk Clover,holt_lidyard
291,Flyr's Brickellbush,cash_sarfati
292,Showy Draba,odele_spat
293,Western Halfchaff Sedge,martino_siebart
294,Pricklypear,garfield_sissel
295,Southern Rockbell,cash_sarfati
296,Peniocereus,kristian_blair
297,Arizona Signalgrass,zacharia_byram
298,Watergrass,lib_wickie
299,Desert Combleaf,jaye_miskimmon
300,Whiskerbrush,hali_sollett
301,Bog Stitchwort,elaine_correa
302,Pitted Stripeseed,holt_lidyard
303,Evergreen Clematis,lib_wickie
304,Plateau Phacelia,shoshanna_collabine
305,Pennsylvania Clubmoss,elaine_correa
306,Brown Sedge,marty_pocklington
307,Angularfruit Ma'oloa,steven_cotes
308,Oahu Gardenia,dilan_greson
