id,rea,rater,rating,date
5,bard_gresham,maris_murcott,3,2024-05-05 00:00:00.000000
6,jolie_ikringill,jacob_smale,5,2023-09-25 00:00:00.000000
7,cece_brandenberg,jaye_miskimmon,0,2023-01-27 00:00:00.000000
8,camey_spottswood,jacqui_gronou,5,2022-11-17 00:00:00.000000
9,lionel_klulisek,zacharia_byram,3,2024-02-11 00:00:00.000000
10,cleve_rodgers,jaye_miskimmon,4,2023-09-05 00:00:00.000000
11,nettle_noirel,dilan_greson,3,2023-04-06 00:00:00.000000
12,malchy_paquet,martino_siebart,4,2022-10-05 00:00:00.000000
13,marcie_mcgrann,bourke_joly,0,2022-09-23 00:00:00.000000
14,carmon_sedgemond,dilan_greson,5,2023-09-17 00:00:00.000000
15,marcie_mcgrann,jaye_miskimmon,0,2023-06-21 00:00:00.000000
16,cleve_rodgers,hali_sollett,4,2024-04-08 00:00:00.000000
17,addie_weddell,marty_pocklington,5,2024-03-02 00:00:00.000000
18,loree_zahor,joanne_spendlove,1,2023-09-19 00:00:00.000000
19,bea_brandon,dinnie_sillitoe,1,2022-10-03 00:00:00.000000
20,culley_curnokk,cash_sarfati,5,2022-12-18 00:00:00.000000
21,ardys_jell,hali_sollett,3,2023-02-07 00:00:00.000000
22,carmon_sedgemond,dilan_greson,2,2023-08-02 00:00:00.000000
23,cleve_rodgers,odele_spat,0,2023-05-10 00:00:00.000000
24,forester_piens,cash_sarfati,1,2022-10-08 00:00:00.000000
25,bea_brandon,odele_spat,2,2024-01-20 00:00:00.000000
26,loree_zahor,dilan_greson,0,2024-01-19 00:00:00.000000
27,regina_faltin,mikkel_spinley,1,2024-03-18 00:00:00.000000
28,nettle_noirel,dee_jolliff,1,2022-10-08 00:00:00.000000
29,harrietta_donald,jacob_smale,5,2024-01-28 00:00:00.000000
30,loree_zahor,bourke_joly,3,2023-02-03 00:00:00.000000
31,nettle_noirel,hali_sollett,0,2022-11-01 00:00:00.000000
32,malchy_paquet,shoshanna_collabine,4,2024-03-01 00:00:00.000000
33,nettle_noirel,mikkel_spinley,1,2023-07-19 00:00:00.000000
34,corie_gilhooly,holt_lidyard,5,2022-07-26 00:00:00.000000
35,marcie_mcgrann,mikkel_spinley,1,2023-08-01 00:00:00.000000
36,bard_gresham,cornie_unthank,5,2022-08-16 00:00:00.000000
37,culley_curnokk,bourke_joly,4,2023-10-04 00:00:00.000000
38,addie_weddell,hali_sollett,3,2022-12-25 00:00:00.000000
39,regina_faltin,zacharia_byram,4,2023-04-03 00:00:00.000000
40,caroline_trembley,shoshanna_collabine,4,2024-04-18 00:00:00.000000
41,ardys_jell,dunn_ordelt,4,2024-01-02 00:00:00.000000
42,lenard_ruspine,jacob_smale,5,2023-01-02 00:00:00.000000
43,bard_gresham,jacob_smale,0,2023-07-07 00:00:00.000000
44,cesaro_gue,hestia_ponte,3,2022-10-19 00:00:00.000000
45,addie_weddell,shoshanna_collabine,2,2023-08-31 00:00:00.000000
46,berthe_shackle,shoshanna_collabine,3,2022-07-26 00:00:00.000000
47,bea_brandon,dunn_ordelt,2,2023-01-15 00:00:00.000000
48,addie_weddell,bourke_joly,1,2023-06-30 00:00:00.000000
49,marcie_mcgrann,cornie_unthank,5,2023-06-29 00:00:00.000000
50,dagmar_crathorne,bourke_joly,1,2023-06-27 00:00:00.000000
51,corie_gilhooly,hestia_ponte,4,2022-10-11 00:00:00.000000
52,milty_kikke,elaine_correa,1,2022-07-24 00:00:00.000000
53,regina_faltin,zacharia_byram,1,2023-05-05 00:00:00.000000
54,kelley_langabeer,dee_jolliff,5,2023-02-09 00:00:00.000000
55,lionel_klulisek,dilan_greson,2,2022-07-10 00:00:00.000000
56,nettle_noirel,mikkel_spinley,5,2023-05-05 00:00:00.000000
57,nettle_noirel,martino_siebart,0,2023-10-25 00:00:00.000000
58,corie_gilhooly,garfield_sissel,1,2023-01-19 00:00:00.000000
59,berthe_shackle,bourke_joly,1,2022-11-27 00:00:00.000000
60,dagmar_crathorne,jaye_miskimmon,5,2023-09-08 00:00:00.000000
61,culley_curnokk,kristian_blair,0,2023-05-14 00:00:00.000000
62,gawain_manthorpe,garfield_sissel,5,2024-04-26 00:00:00.000000
63,carmon_sedgemond,elaine_correa,0,2023-12-02 00:00:00.000000
64,marcie_mcgrann,dilan_greson,4,2023-10-15 00:00:00.000000
65,bea_brandon,cash_sarfati,2,2022-12-17 00:00:00.000000
66,loree_zahor,zacharia_byram,3,2023-11-14 00:00:00.000000
67,cece_brandenberg,alasdair_khilkov,3,2023-08-07 00:00:00.000000
68,forester_piens,shoshanna_collabine,3,2023-09-11 00:00:00.000000
69,bea_brandon,hestia_ponte,2,2022-07-19 00:00:00.000000
70,lionel_klulisek,kristian_blair,4,2022-07-15 00:00:00.000000
71,gawain_manthorpe,gwyn_boame,3,2023-04-11 00:00:00.000000
72,caroline_trembley,garfield_sissel,4,2024-01-15 00:00:00.000000
73,culley_curnokk,holt_lidyard,5,2022-10-01 00:00:00.000000
74,regina_faltin,marty_pocklington,1,2024-01-21 00:00:00.000000
75,kelley_langabeer,hali_sollett,5,2023-12-04 00:00:00.000000
76,fanny_emps,alasdair_khilkov,5,2022-08-06 00:00:00.000000
77,milty_kikke,alasdair_khilkov,2,2022-10-07 00:00:00.000000
78,milty_kikke,hestia_ponte,2,2023-04-20 00:00:00.000000
79,lionel_klulisek,steven_cotes,5,2023-01-30 00:00:00.000000
80,marcie_mcgrann,mikkel_spinley,1,2022-08-18 00:00:00.000000
81,regina_faltin,jacqui_gronou,5,2022-11-20 00:00:00.000000
82,mata_thynne,jacqui_gronou,4,2023-02-06 00:00:00.000000
83,lenard_ruspine,gwyn_boame,2,2023-08-08 00:00:00.000000
84,lionel_klulisek,garfield_sissel,5,2022-10-05 00:00:00.000000
85,caroline_trembley,hali_sollett,2,2023-04-30 00:00:00.000000
86,carmon_sedgemond,odele_spat,2,2023-01-09 00:00:00.000000
87,cesaro_gue,alasdair_khilkov,1,2022-12-27 00:00:00.000000
88,jacenta_attew,dilan_greson,2,2022-08-27 00:00:00.000000
89,berthe_shackle,marty_pocklington,5,2023-01-15 00:00:00.000000
90,culley_curnokk,hali_sollett,5,2022-08-25 00:00:00.000000
91,cesaro_gue,bourke_joly,5,2024-03-05 00:00:00.000000
92,cesaro_gue,steven_cotes,5,2023-11-29 00:00:00.000000
93,harrietta_donald,odele_spat,2,2022-11-07 00:00:00.000000
94,harrietta_donald,jacob_smale,4,2022-10-23 00:00:00.000000
95,lenard_ruspine,elaine_correa,3,2022-12-12 00:00:00.000000
96,culley_curnokk,lib_wickie,3,2022-12-24 00:00:00.000000
97,ardys_jell,holt_lidyard,3,2023-09-23 00:00:00.000000
98,bea_brandon,bourke_joly,2,2023-10-20 00:00:00.000000
99,forester_piens,kristian_blair,0,2022-10-06 00:00:00.000000
100,malchy_paquet,jacqui_gronou,3,2022-11-10 00:00:00.000000
101,jacenta_attew,garfield_sissel,1,2023-11-17 00:00:00.000000
102,harrietta_donald,cash_sarfati,1,2023-03-21 00:00:00.000000
103,cece_brandenberg,holt_lidyard,0,2022-12-31 00:00:00.000000
104,caroline_trembley,marty_pocklington,2,2023-07-15 00:00:00.000000
105,marcie_mcgrann,jacob_smale,2,2022-12-05 00:00:00.000000
106,gawain_manthorpe,maris_murcott,3,2022-12-28 00:00:00.000000
107,milty_kikke,dunn_ordelt,1,2022-11-12 00:00:00.000000
108,regina_faltin,maris_murcott,3,2023-03-03 00:00:00.000000
109,nettle_noirel,dinnie_sillitoe,1,2024-01-12 00:00:00.000000
110,cleve_rodgers,dee_jolliff,0,2024-03-14 00:00:00.000000
111,caroline_trembley,holt_lidyard,3,2024-01-26 00:00:00.000000
112,dagmar_crathorne,elaine_correa,4,2022-12-02 00:00:00.000000
113,mata_thynne,steven_cotes,0,2024-02-06 00:00:00.000000
114,bard_gresham,elaine_correa,2,2024-01-19 00:00:00.000000
115,ardys_jell,elaine_correa,2,2022-08-17 00:00:00.000000
116,valene_barden,jacqui_gronou,0,2023-03-05 00:00:00.000000
117,jacenta_attew,lib_wickie,5,2024-02-29 00:00:00.000000
118,lenard_ruspine,dilan_greson,5,2023-02-14 00:00:00.000000
119,lionel_klulisek,elaine_correa,5,2024-04-28 00:00:00.000000
120,nettle_noirel,gwyn_boame,5,2023-03-09 00:00:00.000000
121,nettle_noirel,marty_pocklington,5,2022-08-09 00:00:00.000000
122,marcie_mcgrann,cornie_unthank,5,2023-03-08 00:00:00.000000
123,cleve_rodgers,mikkel_spinley,2,2023-12-19 00:00:00.000000
124,cleve_rodgers,dinnie_sillitoe,0,2022-10-27 00:00:00.000000
125,cesaro_gue,shoshanna_collabine,3,2023-11-27 00:00:00.000000
126,carmon_sedgemond,odele_spat,5,2024-02-01 00:00:00.000000
127,corie_gilhooly,odele_spat,0,2024-02-22 00:00:00.000000
128,culley_curnokk,marty_pocklington,3,2023-02-20 00:00:00.000000
129,bard_gresham,bourke_joly,3,2023-09-30 00:00:00.000000
130,camey_spottswood,alasdair_khilkov,3,2023-10-25 00:00:00.000000
131,regina_faltin,holt_lidyard,2,2023-10-03 00:00:00.000000
132,cleve_rodgers,steven_cotes,1,2023-10-13 00:00:00.000000
133,mata_thynne,elaine_correa,2,2023-03-02 00:00:00.000000
134,cleve_rodgers,mikkel_spinley,1,2024-01-14 00:00:00.000000
135,corie_gilhooly,garfield_sissel,4,2023-01-29 00:00:00.000000
136,jolie_ikringill,jacqui_gronou,1,2024-04-12 00:00:00.000000
137,jacenta_attew,bourke_joly,1,2023-07-13 00:00:00.000000
138,marcie_mcgrann,cornie_unthank,0,2023-01-13 00:00:00.000000
139,forester_piens,lib_wickie,0,2023-05-07 00:00:00.000000
140,corie_gilhooly,kristian_blair,4,2023-06-15 00:00:00.000000
141,forester_piens,bourke_joly,2,2022-08-23 00:00:00.000000
142,nettle_noirel,dilan_greson,3,2024-04-03 00:00:00.000000
143,jolie_ikringill,jacob_smale,5,2022-10-15 00:00:00.000000
144,culley_curnokk,elaine_correa,0,2023-10-15 00:00:00.000000
145,addie_weddell,jaye_miskimmon,3,2023-06-28 00:00:00.000000
146,harrietta_donald,holt_lidyard,0,2024-04-06 00:00:00.000000
147,cece_brandenberg,jacqui_gronou,2,2023-06-24 00:00:00.000000
148,jolie_ikringill,mikkel_spinley,1,2023-12-02 00:00:00.000000
149,culley_curnokk,elaine_correa,3,2022-07-15 00:00:00.000000
150,harrietta_donald,jacqui_gronou,1,2022-11-06 00:00:00.000000
151,bea_brandon,lib_wickie,3,2023-08-16 00:00:00.000000
152,culley_curnokk,odele_spat,1,2024-01-27 00:00:00.000000
153,valene_barden,marty_pocklington,0,2022-11-03 00:00:00.000000
154,lenard_ruspine,cornie_unthank,1,2022-10-28 00:00:00.000000
155,berthe_shackle,cash_sarfati,5,2022-12-25 00:00:00.000000
156,bea_brandon,joanne_spendlove,5,2023-11-03 00:00:00.000000
157,forester_piens,garfield_sissel,4,2024-01-28 00:00:00.000000
158,cece_brandenberg,steven_cotes,0,2022-09-22 00:00:00.000000
159,berthe_shackle,garfield_sissel,0,2024-01-02 00:00:00.000000
160,forester_piens,jacob_smale,1,2023-03-01 00:00:00.000000
161,regina_faltin,dunn_ordelt,1,2024-03-09 00:00:00.000000
162,loree_zahor,martino_siebart,0,2022-09-16 00:00:00.000000
163,bard_gresham,dunn_ordelt,1,2023-10-09 00:00:00.000000
164,loree_zahor,zacharia_byram,2,2022-11-27 00:00:00.000000
165,carmon_sedgemond,jaye_miskimmon,4,2023-09-30 00:00:00.000000
166,jacenta_attew,mikkel_spinley,0,2024-02-20 00:00:00.000000
167,corie_gilhooly,dee_jolliff,4,2022-11-12 00:00:00.000000
168,camey_spottswood,dee_jolliff,0,2023-03-02 00:00:00.000000
169,ardys_jell,cash_sarfati,5,2022-08-31 00:00:00.000000
170,cece_brandenberg,jaye_miskimmon,1,2023-06-17 00:00:00.000000
171,forester_piens,hestia_ponte,4,2024-02-24 00:00:00.000000
172,berthe_shackle,zacharia_byram,5,2023-06-30 00:00:00.000000
173,harrietta_donald,cash_sarfati,2,2023-05-19 00:00:00.000000
174,gawain_manthorpe,hali_sollett,3,2023-09-16 00:00:00.000000
175,fanny_emps,cash_sarfati,5,2024-04-12 00:00:00.000000
176,kelley_langabeer,bourke_joly,2,2022-07-07 00:00:00.000000
177,gawain_manthorpe,mikkel_spinley,0,2023-03-24 00:00:00.000000
178,corie_gilhooly,holt_lidyard,1,2024-03-21 00:00:00.000000
179,regina_faltin,martino_siebart,1,2023-08-09 00:00:00.000000
180,bea_brandon,hestia_ponte,0,2023-07-29 00:00:00.000000
181,lionel_klulisek,cash_sarfati,0,2024-04-08 00:00:00.000000
182,valene_barden,bourke_joly,3,2023-09-27 00:00:00.000000
183,milty_kikke,holt_lidyard,2,2023-02-21 00:00:00.000000
184,lenard_ruspine,joanne_spendlove,5,2023-07-01 00:00:00.000000
185,corie_gilhooly,bourke_joly,0,2023-01-26 00:00:00.000000
186,carmon_sedgemond,cash_sarfati,2,2023-08-10 00:00:00.000000
187,fanny_emps,dilan_greson,3,2024-04-05 00:00:00.000000
188,corie_gilhooly,holt_lidyard,4,2024-04-01 00:00:00.000000
189,forester_piens,hali_sollett,2,2023-11-11 00:00:00.000000
190,mata_thynne,elaine_correa,0,2023-10-06 00:00:00.000000
191,marcie_mcgrann,odele_spat,4,2023-03-20 00:00:00.000000
192,lionel_klulisek,marty_pocklington,1,2022-12-06 00:00:00.000000
193,carmon_sedgemond,dee_jolliff,0,2023-08-12 00:00:00.000000
194,harrietta_donald,cash_sarfati,5,2024-03-09 00:00:00.000000
195,lionel_klulisek,dinnie_sillitoe,4,2024-04-13 00:00:00.000000
196,carmon_sedgemond,martino_siebart,1,2022-10-19 00:00:00.000000
197,corie_gilhooly,jaye_miskimmon,4,2023-02-05 00:00:00.000000
198,harrietta_donald,jaye_miskimmon,4,2022-10-20 00:00:00.000000
199,marcie_mcgrann,dilan_greson,0,2022-10-23 00:00:00.000000
200,dagmar_crathorne,holt_lidyard,2,2024-01-17 00:00:00.000000
201,mata_thynne,dee_jolliff,5,2022-09-17 00:00:00.000000
202,forester_piens,marty_pocklington,4,2022-09-18 00:00:00.000000
203,lionel_klulisek,lib_wickie,2,2023-12-09 00:00:00.000000
204,valene_barden,maris_murcott,3,2023-05-16 00:00:00.000000
205,malchy_paquet,jaye_miskimmon,4,2024-02-28 00:00:00.000000
206,bea_brandon,kristian_blair,2,2022-09-24 00:00:00.000000
207,harrietta_donald,hali_sollett,4,2023-04-22 00:00:00.000000
208,camey_spottswood,jaye_miskimmon,3,2023-07-30 00:00:00.000000
209,bea_brandon,holt_lidyard,2,2023-07-09 00:00:00.000000
210,gawain_manthorpe,cornie_unthank,1,2022-08-03 00:00:00.000000
211,marcie_mcgrann,jacqui_gronou,2,2023-10-17 00:00:00.000000
212,corie_gilhooly,zacharia_byram,2,2023-12-19 00:00:00.000000
213,valene_barden,marty_pocklington,1,2022-11-10 00:00:00.000000
214,gawain_manthorpe,jaye_miskimmon,3,2022-10-26 00:00:00.000000
215,berthe_shackle,lib_wickie,3,2023-11-10 00:00:00.000000
216,loree_zahor,lib_wickie,0,2022-09-04 00:00:00.000000
217,regina_faltin,cornie_unthank,2,2023-04-02 00:00:00.000000
218,regina_faltin,cornie_unthank,2,2023-11-23 00:00:00.000000
219,lenard_ruspine,holt_lidyard,5,2022-11-21 00:00:00.000000
220,kelley_langabeer,zacharia_byram,3,2023-01-01 00:00:00.000000
221,berthe_shackle,jaye_miskimmon,5,2023-12-01 00:00:00.000000
222,ardys_jell,dunn_ordelt,4,2023-02-22 00:00:00.000000
223,corie_gilhooly,cornie_unthank,3,2023-07-08 00:00:00.000000
224,nettle_noirel,martino_siebart,1,2023-10-04 00:00:00.000000
225,addie_weddell,jacqui_gronou,3,2022-10-10 00:00:00.000000
226,corie_gilhooly,alasdair_khilkov,3,2024-03-21 00:00:00.000000
227,camey_spottswood,maris_murcott,0,2023-11-25 00:00:00.000000
228,forester_piens,dee_jolliff,2,2024-01-06 00:00:00.000000
229,lenard_ruspine,dunn_ordelt,3,2022-11-05 00:00:00.000000
230,fanny_emps,kristian_blair,2,2023-10-13 00:00:00.000000
231,nettle_noirel,maris_murcott,0,2024-05-04 00:00:00.000000
232,ardys_jell,joanne_spendlove,1,2022-10-18 00:00:00.000000
233,forester_piens,alasdair_khilkov,2,2023-04-19 00:00:00.000000
234,forester_piens,odele_spat,5,2023-02-10 00:00:00.000000
235,malchy_paquet,gwyn_boame,0,2022-11-15 00:00:00.000000
236,caroline_trembley,alasdair_khilkov,4,2023-04-12 00:00:00.000000
237,ardys_jell,hestia_ponte,5,2023-04-19 00:00:00.000000
238,marcie_mcgrann,jacqui_gronou,5,2023-08-04 00:00:00.000000
239,valene_barden,martino_siebart,4,2023-11-07 00:00:00.000000
240,nettle_noirel,martino_siebart,2,2022-11-12 00:00:00.000000
241,forester_piens,hestia_ponte,2,2024-04-20 00:00:00.000000
242,bard_gresham,maris_murcott,1,2023-11-02 00:00:00.000000
243,cesaro_gue,alasdair_khilkov,1,2023-11-05 00:00:00.000000
244,corie_gilhooly,holt_lidyard,3,2023-03-20 00:00:00.000000
245,carmon_sedgemond,hestia_ponte,5,2023-06-19 00:00:00.000000
246,berthe_shackle,holt_lidyard,3,2024-05-13 00:00:00.000000
247,malchy_paquet,joanne_spendlove,5,2022-07-11 00:00:00.000000
248,mata_thynne,dunn_ordelt,5,2022-09-09 00:00:00.000000
249,regina_faltin,shoshanna_collabine,2,2024-03-23 00:00:00.000000
250,lenard_ruspine,bourke_joly,4,2023-08-21 00:00:00.000000
251,berthe_shackle,gwyn_boame,0,2023-09-24 00:00:00.000000
252,marcie_mcgrann,odele_spat,0,2022-07-08 00:00:00.000000
253,corie_gilhooly,jaye_miskimmon,1,2022-11-30 00:00:00.000000
254,cleve_rodgers,hestia_ponte,3,2023-10-11 00:00:00.000000
255,ardys_jell,cornie_unthank,2,2023-11-03 00:00:00.000000
256,berthe_shackle,lib_wickie,5,2023-05-26 00:00:00.000000
257,lenard_ruspine,mikkel_spinley,1,2022-10-07 00:00:00.000000
258,valene_barden,steven_cotes,2,2024-04-04 00:00:00.000000
259,gawain_manthorpe,kristian_blair,5,2023-08-14 00:00:00.000000
260,carmon_sedgemond,gwyn_boame,2,2023-03-19 00:00:00.000000
261,bard_gresham,kristian_blair,5,2022-09-07 00:00:00.000000
262,lionel_klulisek,zacharia_byram,3,2022-09-26 00:00:00.000000
263,cece_brandenberg,zacharia_byram,1,2024-01-20 00:00:00.000000
264,berthe_shackle,kristian_blair,1,2023-12-21 00:00:00.000000
265,bea_brandon,dilan_greson,4,2023-12-13 00:00:00.000000
266,jolie_ikringill,maris_murcott,1,2023-12-29 00:00:00.000000
267,kelley_langabeer,martino_siebart,2,2024-01-30 00:00:00.000000
268,lenard_ruspine,hali_sollett,1,2022-10-23 00:00:00.000000
269,dagmar_crathorne,bourke_joly,4,2023-04-11 00:00:00.000000
270,valene_barden,garfield_sissel,0,2024-02-28 00:00:00.000000
271,bea_brandon,gwyn_boame,0,2023-05-30 00:00:00.000000
272,corie_gilhooly,joanne_spendlove,5,2024-04-06 00:00:00.000000
273,nettle_noirel,dilan_greson,4,2024-01-13 00:00:00.000000
274,culley_curnokk,zacharia_byram,4,2023-02-05 00:00:00.000000
275,jolie_ikringill,holt_lidyard,2,2023-11-10 00:00:00.000000
276,caroline_trembley,jacqui_gronou,3,2023-03-15 00:00:00.000000
277,dagmar_crathorne,dunn_ordelt,0,2023-03-09 00:00:00.000000
278,gawain_manthorpe,dinnie_sillitoe,5,2024-01-12 00:00:00.000000
279,cesaro_gue,elaine_correa,0,2023-12-23 00:00:00.000000
280,bard_gresham,maris_murcott,3,2023-11-29 00:00:00.000000
281,valene_barden,holt_lidyard,2,2023-04-03 00:00:00.000000
282,jolie_ikringill,lib_wickie,3,2023-06-28 00:00:00.000000
283,malchy_paquet,elaine_correa,5,2023-01-06 00:00:00.000000
284,caroline_trembley,marty_pocklington,0,2023-01-19 00:00:00.000000
285,berthe_shackle,hali_sollett,1,2023-02-13 00:00:00.000000
286,carmon_sedgemond,alasdair_khilkov,1,2023-11-07 00:00:00.000000
287,regina_faltin,mikkel_spinley,0,2024-03-02 00:00:00.000000
288,loree_zahor,lib_wickie,3,2024-04-07 00:00:00.000000
289,camey_spottswood,kristian_blair,4,2023-11-06 00:00:00.000000
290,bard_gresham,gwyn_boame,3,2023-04-28 00:00:00.000000
291,caroline_trembley,hali_sollett,5,2023-06-28 00:00:00.000000
292,forester_piens,alasdair_khilkov,4,2023-05-08 00:00:00.000000
293,bard_gresham,alasdair_khilkov,3,2023-10-05 00:00:00.000000
294,loree_zahor,lib_wickie,1,2022-10-08 00:00:00.000000
295,camey_spottswood,elaine_correa,5,2024-05-04 00:00:00.000000
296,jolie_ikringill,lib_wickie,0,2023-05-05 00:00:00.000000
297,regina_faltin,kristian_blair,5,2022-11-28 00:00:00.000000
298,valene_barden,jacob_smale,5,2024-02-21 00:00:00.000000
299,culley_curnokk,jacqui_gronou,5,2022-10-24 00:00:00.000000
300,fanny_emps,hali_sollett,0,2023-10-11 00:00:00.000000
301,kelley_langabeer,mikkel_spinley,4,2023-02-05 00:00:00.000000
302,bea_brandon,cash_sarfati,2,2023-09-07 00:00:00.000000
303,gawain_manthorpe,gwyn_boame,4,2024-05-09 00:00:00.000000
304,malchy_paquet,cash_sarfati,2,2024-02-07 00:00:00.000000
