id,username,experience,license,language,service,about,award
3,lenard_ruspine,8,R61012M9,"Chinese, Japanese","Property Marketing, Rental Assistance, Virtual Tours, Home Inspections, Investment Consulting, Market Analysis, Property Management, Home Staging",Hello and welcome! I'm excited to share a bit about myself and my commitment to serving as your trusted real estate advisor. With a focus on integrity professionalism and personalized service I strive to create an exceptional experience for each of my clients. Whether you're a first-time homebuyer or a seasoned investor I bring a wealth of knowledge and expertise to the table along with a genuine passion for helping you achieve your real estate goals. From guiding you through the homebuying process to negotiating the best possible deal I am dedicated to being your advocate every step of the way. Together let's turn your real estate dreams into reality!,Best Customer Service Award
4,harrietta_donald,7,F29203L3,English,"Rental Assistance, Investment Consulting, Relocation Services, Property Marketing, Home Inspections, Contract Negotiations, Virtual Tours, Home Staging, Property Management, Market Analysis",Hello and welcome! I'm excited to share a bit about myself and my commitment to serving as your trusted real estate advisor. With a focus on integrity professionalism and personalized service I strive to create an exceptional experience for each of my clients. Whether you're a first-time homebuyer or a seasoned investor I bring a wealth of knowledge and expertise to the table along with a genuine passion for helping you achieve your real estate goals. From guiding you through the homebuying process to negotiating the best possible deal I am dedicated to being your advocate every step of the way. Together let's turn your real estate dreams into reality!,Rookie of the Year Award
5,jacenta_attew,13,V41936F0,"Korean, Chinese, English","Investment Consulting, Market Analysis, Home Staging, Virtual Tours, Relocation Services, Home Inspections, Home Inspections",Greetings! I'm thrilled to introduce myself as your trusted real estate partner. With a solid background in the industry and a passion for helping people navigate the complexities of buying and selling properties I am here to offer you unparalleled expertise and support. My approach is centered on building lasting relationships understanding your objectives and delivering tailored solutions that exceed your expectations. Whether you're embarking on your homebuying journey or looking to maximize the value of your investment I am committed to providing you with the guidance resources and advocacy you need to achieve success. Let's embark on this exciting journey together!,Special Recognition Award
6,cesaro_gue,14,R52385V8,"Korean, Chinese, Japanese","Rental Assistance, Property Management, Relocation Services, Home Staging, Home Inspections, Market Analysis",As a seasoned real estate agent I bring a wealth of experience and dedication to every client interaction. My passion for helping individuals and families find their dream homes drives me to go above and beyond in delivering exceptional service. With a deep understanding of the local market trends and a commitment to staying updated on industry developments I strive to provide insightful guidance and expert advice throughout your real estate journey. Whether you're buying selling or investing I am here to serve as your trusted partner ensuring a seamless and rewarding experience from start to finish.,Agent of the Year Award
7,berthe_shackle,10,Y67118T1,"Chinese, Bahasa Indonesia, English","Property Marketing, Rental Assistance, Home Staging, Investment Consulting",Greetings! I'm thrilled to introduce myself as your trusted real estate partner. With a solid background in the industry and a passion for helping people navigate the complexities of buying and selling properties I am here to offer you unparalleled expertise and support. My approach is centered on building lasting relationships understanding your objectives and delivering tailored solutions that exceed your expectations. Whether you're embarking on your homebuying journey or looking to maximize the value of your investment I am committed to providing you with the guidance resources and advocacy you need to achieve success. Let's embark on this exciting journey together!,Special Recognition Award
8,regina_faltin,12,R89446Y7,"Bahasa Indonesia, Korean, Japanese","Home Inspections, Virtual Tours, Market Analysis, Property Marketing, Relocation Services, Property Management, Contract Negotiations, Rental Assistance",Hello and welcome! I'm excited to share a bit about myself and my commitment to serving as your trusted real estate advisor. With a focus on integrity professionalism and personalized service I strive to create an exceptional experience for each of my clients. Whether you're a first-time homebuyer or a seasoned investor I bring a wealth of knowledge and expertise to the table along with a genuine passion for helping you achieve your real estate goals. From guiding you through the homebuying process to negotiating the best possible deal I am dedicated to being your advocate every step of the way. Together let's turn your real estate dreams into reality!,Agent of the Year Award
9,jacenta_attew,6,B40267G3,"Korean, Chinese, Bahasa Indonesia","Home Inspections, Home Staging, Virtual Tours, Contract Negotiations, Property Management, Market Analysis, Home Inspections, Relocation Services, Property Marketing, Rental Assistance",With years of experience in the real estate industry I have honed my skills as a dedicated advocate for my clients' needs and goals. My approach is rooted in building strong relationships listening attentively to your preferences and leveraging my expertise to navigate the complexities of the market with confidence. Whether you're a first-time homebuyer or a seasoned investor I am committed to providing personalized attention timely communication and strategic guidance to help you achieve success in your real estate endeavors. Let me be your partner in turning your property dreams into reality,Best Customer Service Award
10,addie_weddell,14,F59016A4,"Bahasa Indonesia, Japanese","Contract Negotiations, Home Inspections, Rental Assistance",With years of experience in the real estate industry I have honed my skills as a dedicated advocate for my clients' needs and goals. My approach is rooted in building strong relationships listening attentively to your preferences and leveraging my expertise to navigate the complexities of the market with confidence. Whether you're a first-time homebuyer or a seasoned investor I am committed to providing personalized attention timely communication and strategic guidance to help you achieve success in your real estate endeavors. Let me be your partner in turning your property dreams into reality,Rookie of the Year Award
11,caroline_trembley,8,P02956U7,"English, Japanese","Contract Negotiations, Property Marketing, Market Analysis",As a seasoned real estate agent I bring a wealth of experience and dedication to every client interaction. My passion for helping individuals and families find their dream homes drives me to go above and beyond in delivering exceptional service. With a deep understanding of the local market trends and a commitment to staying updated on industry developments I strive to provide insightful guidance and expert advice throughout your real estate journey. Whether you're buying selling or investing I am here to serve as your trusted partner ensuring a seamless and rewarding experience from start to finish.,Lifetime Achievement Award
12,fanny_emps,12,B83462Q4,"Bahasa Indonesia, English","Virtual Tours, Investment Consulting, Property Management, Home Inspections, Home Staging",Hello and welcome! I'm excited to share a bit about myself and my commitment to serving as your trusted real estate advisor. With a focus on integrity professionalism and personalized service I strive to create an exceptional experience for each of my clients. Whether you're a first-time homebuyer or a seasoned investor I bring a wealth of knowledge and expertise to the table along with a genuine passion for helping you achieve your real estate goals. From guiding you through the homebuying process to negotiating the best possible deal I am dedicated to being your advocate every step of the way. Together let's turn your real estate dreams into reality!,Most Listings Sold Award
13,bea_brandon,16,F28507E2,"Japanese, English, Chinese","Home Inspections, Relocation Services, Virtual Tours, Property Marketing, Contract Negotiations",As a seasoned real estate agent I bring a wealth of experience and dedication to every client interaction. My passion for helping individuals and families find their dream homes drives me to go above and beyond in delivering exceptional service. With a deep understanding of the local market trends and a commitment to staying updated on industry developments I strive to provide insightful guidance and expert advice throughout your real estate journey. Whether you're buying selling or investing I am here to serve as your trusted partner ensuring a seamless and rewarding experience from start to finish.,Most Listings Sold Award
14,culley_curnokk,9,O73939X0,"English, Korean, Bahasa Indonesia","Virtual Tours, Investment Consulting, Contract Negotiations, Home Staging, Property Management, Property Marketing, Rental Assistance, Home Inspections, Market Analysis",Greetings! I'm thrilled to introduce myself as your trusted real estate partner. With a solid background in the industry and a passion for helping people navigate the complexities of buying and selling properties I am here to offer you unparalleled expertise and support. My approach is centered on building lasting relationships understanding your objectives and delivering tailored solutions that exceed your expectations. Whether you're embarking on your homebuying journey or looking to maximize the value of your investment I am committed to providing you with the guidance resources and advocacy you need to achieve success. Let's embark on this exciting journey together!,Best Customer Service Award
15,bea_brandon,12,S95345J8,"Chinese, Japanese, English","Home Inspections, Virtual Tours, Contract Negotiations, Home Inspections, Market Analysis",Welcome to my profile! As a passionate real estate professional I am driven by a genuine desire to help my clients find the perfect home and achieve their property goals. With a comprehensive understanding of the local market dynamics and a commitment to delivering results I take pride in providing top-notch service and personalized guidance tailored to your unique needs. Whether you're searching for your forever home selling your current property or exploring investment opportunities you can count on me to be your dedicated ally every step of the way. Together let's make your real estate aspirations a reality.,Special Recognition Award
16,marcie_mcgrann,6,W77052L5,Chinese,"Property Marketing, Home Staging, Rental Assistance",Hello and welcome! I'm excited to share a bit about myself and my commitment to serving as your trusted real estate advisor. With a focus on integrity professionalism and personalized service I strive to create an exceptional experience for each of my clients. Whether you're a first-time homebuyer or a seasoned investor I bring a wealth of knowledge and expertise to the table along with a genuine passion for helping you achieve your real estate goals. From guiding you through the homebuying process to negotiating the best possible deal I am dedicated to being your advocate every step of the way. Together let's turn your real estate dreams into reality!,Agent of the Year Award
17,dagmar_crathorne,3,L09090R8,"English, Chinese, Japanese","Investment Consulting, Property Management, Home Inspections, Rental Assistance, Contract Negotiations, Home Staging, Property Marketing, Market Analysis, Home Inspections, Virtual Tours",Welcome to my profile! As a passionate real estate professional I am driven by a genuine desire to help my clients find the perfect home and achieve their property goals. With a comprehensive understanding of the local market dynamics and a commitment to delivering results I take pride in providing top-notch service and personalized guidance tailored to your unique needs. Whether you're searching for your forever home selling your current property or exploring investment opportunities you can count on me to be your dedicated ally every step of the way. Together let's make your real estate aspirations a reality.,Rookie of the Year Award
18,lionel_klulisek,8,I26311G0,"Bahasa Indonesia, English, Korean","Home Inspections, Home Staging, Rental Assistance, Investment Consulting, Virtual Tours, Property Marketing, Relocation Services, Home Inspections",Hello and welcome! I'm excited to share a bit about myself and my commitment to serving as your trusted real estate advisor. With a focus on integrity professionalism and personalized service I strive to create an exceptional experience for each of my clients. Whether you're a first-time homebuyer or a seasoned investor I bring a wealth of knowledge and expertise to the table along with a genuine passion for helping you achieve your real estate goals. From guiding you through the homebuying process to negotiating the best possible deal I am dedicated to being your advocate every step of the way. Together let's turn your real estate dreams into reality!,Special Recognition Award
19,valene_barden,14,R83395D3,"Bahasa Indonesia, Japanese","Contract Negotiations, Home Inspections, Home Staging, Investment Consulting, Home Inspections, Property Marketing",Hello and welcome! I'm excited to share a bit about myself and my commitment to serving as your trusted real estate advisor. With a focus on integrity professionalism and personalized service I strive to create an exceptional experience for each of my clients. Whether you're a first-time homebuyer or a seasoned investor I bring a wealth of knowledge and expertise to the table along with a genuine passion for helping you achieve your real estate goals. From guiding you through the homebuying process to negotiating the best possible deal I am dedicated to being your advocate every step of the way. Together let's turn your real estate dreams into reality!,Best Customer Service Award
20,caroline_trembley,5,A73348G6,English,"Home Inspections, Relocation Services, Home Inspections",Greetings! I'm thrilled to introduce myself as your trusted real estate partner. With a solid background in the industry and a passion for helping people navigate the complexities of buying and selling properties I am here to offer you unparalleled expertise and support. My approach is centered on building lasting relationships understanding your objectives and delivering tailored solutions that exceed your expectations. Whether you're embarking on your homebuying journey or looking to maximize the value of your investment I am committed to providing you with the guidance resources and advocacy you need to achieve success. Let's embark on this exciting journey together!,Rookie of the Year Award
21,nettle_noirel,6,W02444H0,"Bahasa Indonesia, Chinese","Relocation Services, Home Inspections, Property Marketing, Property Management, Rental Assistance, Investment Consulting, Market Analysis, Home Staging, Home Inspections",Hello and welcome! I'm excited to share a bit about myself and my commitment to serving as your trusted real estate advisor. With a focus on integrity professionalism and personalized service I strive to create an exceptional experience for each of my clients. Whether you're a first-time homebuyer or a seasoned investor I bring a wealth of knowledge and expertise to the table along with a genuine passion for helping you achieve your real estate goals. From guiding you through the homebuying process to negotiating the best possible deal I am dedicated to being your advocate every step of the way. Together let's turn your real estate dreams into reality!,Lifetime Achievement Award
22,gawain_manthorpe,7,M05866V2,"Bahasa Indonesia, Chinese, English","Home Inspections, Home Staging, Rental Assistance, Property Marketing",Welcome to my profile! As a passionate real estate professional I am driven by a genuine desire to help my clients find the perfect home and achieve their property goals. With a comprehensive understanding of the local market dynamics and a commitment to delivering results I take pride in providing top-notch service and personalized guidance tailored to your unique needs. Whether you're searching for your forever home selling your current property or exploring investment opportunities you can count on me to be your dedicated ally every step of the way. Together let's make your real estate aspirations a reality.,Rookie of the Year Award
23,camey_spottswood,15,Z57593F5,"English, Chinese, Bahasa Indonesia","Relocation Services, Home Inspections, Rental Assistance, Home Inspections, Property Marketing, Virtual Tours, Property Management, Contract Negotiations, Investment Consulting",Greetings! I'm thrilled to introduce myself as your trusted real estate partner. With a solid background in the industry and a passion for helping people navigate the complexities of buying and selling properties I am here to offer you unparalleled expertise and support. My approach is centered on building lasting relationships understanding your objectives and delivering tailored solutions that exceed your expectations. Whether you're embarking on your homebuying journey or looking to maximize the value of your investment I am committed to providing you with the guidance resources and advocacy you need to achieve success. Let's embark on this exciting journey together!,Special Recognition Award
24,gawain_manthorpe,12,H44712R2,English,"Rental Assistance, Home Inspections, Property Marketing, Contract Negotiations, Virtual Tours, Investment Consulting, Home Staging, Market Analysis, Property Management",Greetings! I'm thrilled to introduce myself as your trusted real estate partner. With a solid background in the industry and a passion for helping people navigate the complexities of buying and selling properties I am here to offer you unparalleled expertise and support. My approach is centered on building lasting relationships understanding your objectives and delivering tailored solutions that exceed your expectations. Whether you're embarking on your homebuying journey or looking to maximize the value of your investment I am committed to providing you with the guidance resources and advocacy you need to achieve success. Let's embark on this exciting journey together!,Leadership Award
25,carmon_sedgemond,11,Q24374Z0,Korean,"Home Staging, Contract Negotiations, Investment Consulting, Rental Assistance",Welcome to my profile! As a passionate real estate professional I am driven by a genuine desire to help my clients find the perfect home and achieve their property goals. With a comprehensive understanding of the local market dynamics and a commitment to delivering results I take pride in providing top-notch service and personalized guidance tailored to your unique needs. Whether you're searching for your forever home selling your current property or exploring investment opportunities you can count on me to be your dedicated ally every step of the way. Together let's make your real estate aspirations a reality.,Most Listings Sold Award
26,cleve_rodgers,13,Z66190Z6,"Chinese, Bahasa Indonesia, English","Home Inspections, Investment Consulting, Property Management, Contract Negotiations, Property Marketing",As a seasoned real estate agent I bring a wealth of experience and dedication to every client interaction. My passion for helping individuals and families find their dream homes drives me to go above and beyond in delivering exceptional service. With a deep understanding of the local market trends and a commitment to staying updated on industry developments I strive to provide insightful guidance and expert advice throughout your real estate journey. Whether you're buying selling or investing I am here to serve as your trusted partner ensuring a seamless and rewarding experience from start to finish.,Leadership Award
27,ardys_jell,4,Q97886M8,Bahasa Indonesia,"Property Marketing, Property Management, Virtual Tours, Investment Consulting",With years of experience in the real estate industry I have honed my skills as a dedicated advocate for my clients' needs and goals. My approach is rooted in building strong relationships listening attentively to your preferences and leveraging my expertise to navigate the complexities of the market with confidence. Whether you're a first-time homebuyer or a seasoned investor I am committed to providing personalized attention timely communication and strategic guidance to help you achieve success in your real estate endeavors. Let me be your partner in turning your property dreams into reality,Special Recognition Award
28,ardys_jell,13,O15105X2,Korean,"Property Marketing, Home Inspections, Rental Assistance, Investment Consulting, Property Management, Market Analysis",Hello and welcome! I'm excited to share a bit about myself and my commitment to serving as your trusted real estate advisor. With a focus on integrity professionalism and personalized service I strive to create an exceptional experience for each of my clients. Whether you're a first-time homebuyer or a seasoned investor I bring a wealth of knowledge and expertise to the table along with a genuine passion for helping you achieve your real estate goals. From guiding you through the homebuying process to negotiating the best possible deal I am dedicated to being your advocate every step of the way. Together let's turn your real estate dreams into reality!,Most Listings Sold Award
29,valene_barden,13,O78732N8,Bahasa Indonesia,"Rental Assistance, Home Inspections, Home Inspections, Home Staging, Property Management, Relocation Services, Contract Negotiations, Market Analysis",As a seasoned real estate agent I bring a wealth of experience and dedication to every client interaction. My passion for helping individuals and families find their dream homes drives me to go above and beyond in delivering exceptional service. With a deep understanding of the local market trends and a commitment to staying updated on industry developments I strive to provide insightful guidance and expert advice throughout your real estate journey. Whether you're buying selling or investing I am here to serve as your trusted partner ensuring a seamless and rewarding experience from start to finish.,Leadership Award
30,loree_zahor,9,J07760U6,"Japanese, Chinese, Bahasa Indonesia","Rental Assistance, Contract Negotiations, Investment Consulting, Property Management, Property Marketing, Virtual Tours, Home Staging, Home Inspections, Relocation Services, Home Inspections",With years of experience in the real estate industry I have honed my skills as a dedicated advocate for my clients' needs and goals. My approach is rooted in building strong relationships listening attentively to your preferences and leveraging my expertise to navigate the complexities of the market with confidence. Whether you're a first-time homebuyer or a seasoned investor I am committed to providing personalized attention timely communication and strategic guidance to help you achieve success in your real estate endeavors. Let me be your partner in turning your property dreams into reality,Leadership Award
31,culley_curnokk,11,X03406E4,English,"Home Inspections, Rental Assistance, Property Marketing, Virtual Tours, Contract Negotiations",With years of experience in the real estate industry I have honed my skills as a dedicated advocate for my clients' needs and goals. My approach is rooted in building strong relationships listening attentively to your preferences and leveraging my expertise to navigate the complexities of the market with confidence. Whether you're a first-time homebuyer or a seasoned investor I am committed to providing personalized attention timely communication and strategic guidance to help you achieve success in your real estate endeavors. Let me be your partner in turning your property dreams into reality,Best Customer Service Award
32,lionel_klulisek,9,T14696D3,"Bahasa Indonesia, Korean","Home Staging, Virtual Tours, Investment Consulting, Market Analysis, Contract Negotiations, Property Marketing, Home Inspections",Welcome to my profile! As a passionate real estate professional I am driven by a genuine desire to help my clients find the perfect home and achieve their property goals. With a comprehensive understanding of the local market dynamics and a commitment to delivering results I take pride in providing top-notch service and personalized guidance tailored to your unique needs. Whether you're searching for your forever home selling your current property or exploring investment opportunities you can count on me to be your dedicated ally every step of the way. Together let's make your real estate aspirations a reality.,Best Customer Service Award
33,culley_curnokk,14,Y71135L7,Korean,"Home Staging, Market Analysis, Home Inspections, Home Inspections, Relocation Services, Rental Assistance, Property Marketing, Property Management, Investment Consulting, Virtual Tours",With years of experience in the real estate industry I have honed my skills as a dedicated advocate for my clients' needs and goals. My approach is rooted in building strong relationships listening attentively to your preferences and leveraging my expertise to navigate the complexities of the market with confidence. Whether you're a first-time homebuyer or a seasoned investor I am committed to providing personalized attention timely communication and strategic guidance to help you achieve success in your real estate endeavors. Let me be your partner in turning your property dreams into reality,Special Recognition Award
34,cleve_rodgers,16,Q87364I2,"English, Korean, Bahasa Indonesia","Investment Consulting, Home Staging, Relocation Services",With years of experience in the real estate industry I have honed my skills as a dedicated advocate for my clients' needs and goals. My approach is rooted in building strong relationships listening attentively to your preferences and leveraging my expertise to navigate the complexities of the market with confidence. Whether you're a first-time homebuyer or a seasoned investor I am committed to providing personalized attention timely communication and strategic guidance to help you achieve success in your real estate endeavors. Let me be your partner in turning your property dreams into reality,Lifetime Achievement Award
35,ardys_jell,13,D49053J8,"Bahasa Indonesia, English","Contract Negotiations, Investment Consulting, Rental Assistance, Property Marketing, Home Staging, Relocation Services, Home Inspections, Property Management, Market Analysis, Virtual Tours",Hello and welcome! I'm excited to share a bit about myself and my commitment to serving as your trusted real estate advisor. With a focus on integrity professionalism and personalized service I strive to create an exceptional experience for each of my clients. Whether you're a first-time homebuyer or a seasoned investor I bring a wealth of knowledge and expertise to the table along with a genuine passion for helping you achieve your real estate goals. From guiding you through the homebuying process to negotiating the best possible deal I am dedicated to being your advocate every step of the way. Together let's turn your real estate dreams into reality!,Leadership Award
36,valene_barden,14,A33744Q4,"Japanese, Chinese, Korean","Market Analysis, Virtual Tours, Home Inspections, Property Marketing, Contract Negotiations",With years of experience in the real estate industry I have honed my skills as a dedicated advocate for my clients' needs and goals. My approach is rooted in building strong relationships listening attentively to your preferences and leveraging my expertise to navigate the complexities of the market with confidence. Whether you're a first-time homebuyer or a seasoned investor I am committed to providing personalized attention timely communication and strategic guidance to help you achieve success in your real estate endeavors. Let me be your partner in turning your property dreams into reality,Leadership Award
37,malchy_paquet,12,F83430D3,Bahasa Indonesia,"Home Inspections, Property Management, Investment Consulting, Virtual Tours, Rental Assistance, Property Marketing, Home Inspections, Relocation Services, Home Staging",Welcome to my profile! As a passionate real estate professional I am driven by a genuine desire to help my clients find the perfect home and achieve their property goals. With a comprehensive understanding of the local market dynamics and a commitment to delivering results I take pride in providing top-notch service and personalized guidance tailored to your unique needs. Whether you're searching for your forever home selling your current property or exploring investment opportunities you can count on me to be your dedicated ally every step of the way. Together let's make your real estate aspirations a reality.,Lifetime Achievement Award
38,corie_gilhooly,15,W76298O5,"Korean, Bahasa Indonesia, English","Market Analysis, Home Inspections, Relocation Services, Contract Negotiations, Home Staging, Rental Assistance, Property Marketing, Home Inspections, Investment Consulting",Hello and welcome! I'm excited to share a bit about myself and my commitment to serving as your trusted real estate advisor. With a focus on integrity professionalism and personalized service I strive to create an exceptional experience for each of my clients. Whether you're a first-time homebuyer or a seasoned investor I bring a wealth of knowledge and expertise to the table along with a genuine passion for helping you achieve your real estate goals. From guiding you through the homebuying process to negotiating the best possible deal I am dedicated to being your advocate every step of the way. Together let's turn your real estate dreams into reality!,Most Listings Sold Award
39,caroline_trembley,11,L96069G5,"Japanese, Chinese, English","Contract Negotiations, Property Marketing, Rental Assistance, Home Staging, Home Inspections, Investment Consulting",As a seasoned real estate agent I bring a wealth of experience and dedication to every client interaction. My passion for helping individuals and families find their dream homes drives me to go above and beyond in delivering exceptional service. With a deep understanding of the local market trends and a commitment to staying updated on industry developments I strive to provide insightful guidance and expert advice throughout your real estate journey. Whether you're buying selling or investing I am here to serve as your trusted partner ensuring a seamless and rewarding experience from start to finish.,Best Customer Service Award
40,carmon_sedgemond,7,C28241N8,Bahasa Indonesia,"Home Inspections, Relocation Services, Virtual Tours, Market Analysis, Home Staging, Property Marketing, Home Inspections, Contract Negotiations, Property Management, Rental Assistance",Greetings! I'm thrilled to introduce myself as your trusted real estate partner. With a solid background in the industry and a passion for helping people navigate the complexities of buying and selling properties I am here to offer you unparalleled expertise and support. My approach is centered on building lasting relationships understanding your objectives and delivering tailored solutions that exceed your expectations. Whether you're embarking on your homebuying journey or looking to maximize the value of your investment I am committed to providing you with the guidance resources and advocacy you need to achieve success. Let's embark on this exciting journey together!,Special Recognition Award
41,addie_weddell,10,B75084T9,"Chinese, Japanese, Bahasa Indonesia","Property Management, Contract Negotiations, Virtual Tours, Home Inspections, Investment Consulting, Market Analysis",With years of experience in the real estate industry I have honed my skills as a dedicated advocate for my clients' needs and goals. My approach is rooted in building strong relationships listening attentively to your preferences and leveraging my expertise to navigate the complexities of the market with confidence. Whether you're a first-time homebuyer or a seasoned investor I am committed to providing personalized attention timely communication and strategic guidance to help you achieve success in your real estate endeavors. Let me be your partner in turning your property dreams into reality,Best Customer Service Award
42,camey_spottswood,13,X24504S0,"Japanese, Chinese, Korean","Investment Consulting, Property Management, Rental Assistance, Virtual Tours, Market Analysis, Property Marketing, Home Staging, Relocation Services, Home Inspections, Home Inspections",Hello and welcome! I'm excited to share a bit about myself and my commitment to serving as your trusted real estate advisor. With a focus on integrity professionalism and personalized service I strive to create an exceptional experience for each of my clients. Whether you're a first-time homebuyer or a seasoned investor I bring a wealth of knowledge and expertise to the table along with a genuine passion for helping you achieve your real estate goals. From guiding you through the homebuying process to negotiating the best possible deal I am dedicated to being your advocate every step of the way. Together let's turn your real estate dreams into reality!,Agent of the Year Award
43,culley_curnokk,16,J57107P0,Japanese,"Home Staging, Market Analysis, Property Marketing, Rental Assistance, Investment Consulting",As a seasoned real estate agent I bring a wealth of experience and dedication to every client interaction. My passion for helping individuals and families find their dream homes drives me to go above and beyond in delivering exceptional service. With a deep understanding of the local market trends and a commitment to staying updated on industry developments I strive to provide insightful guidance and expert advice throughout your real estate journey. Whether you're buying selling or investing I am here to serve as your trusted partner ensuring a seamless and rewarding experience from start to finish.,Rookie of the Year Award
44,cesaro_gue,5,R43256Q9,English,"Property Marketing, Home Inspections, Home Inspections",Hello and welcome! I'm excited to share a bit about myself and my commitment to serving as your trusted real estate advisor. With a focus on integrity professionalism and personalized service I strive to create an exceptional experience for each of my clients. Whether you're a first-time homebuyer or a seasoned investor I bring a wealth of knowledge and expertise to the table along with a genuine passion for helping you achieve your real estate goals. From guiding you through the homebuying process to negotiating the best possible deal I am dedicated to being your advocate every step of the way. Together let's turn your real estate dreams into reality!,Leadership Award
45,marcie_mcgrann,13,O90414Z6,English,"Contract Negotiations, Property Management, Investment Consulting, Home Inspections, Rental Assistance",As a seasoned real estate agent I bring a wealth of experience and dedication to every client interaction. My passion for helping individuals and families find their dream homes drives me to go above and beyond in delivering exceptional service. With a deep understanding of the local market trends and a commitment to staying updated on industry developments I strive to provide insightful guidance and expert advice throughout your real estate journey. Whether you're buying selling or investing I am here to serve as your trusted partner ensuring a seamless and rewarding experience from start to finish.,Rookie of the Year Award
46,mata_thynne,14,S96900P4,"English, Korean","Investment Consulting, Home Staging, Home Inspections",As a seasoned real estate agent I bring a wealth of experience and dedication to every client interaction. My passion for helping individuals and families find their dream homes drives me to go above and beyond in delivering exceptional service. With a deep understanding of the local market trends and a commitment to staying updated on industry developments I strive to provide insightful guidance and expert advice throughout your real estate journey. Whether you're buying selling or investing I am here to serve as your trusted partner ensuring a seamless and rewarding experience from start to finish.,Leadership Award
47,jolie_ikringill,13,W83761Y9,"Chinese, Bahasa Indonesia","Home Inspections, Rental Assistance, Market Analysis, Home Staging, Relocation Services",Greetings! I'm thrilled to introduce myself as your trusted real estate partner. With a solid background in the industry and a passion for helping people navigate the complexities of buying and selling properties I am here to offer you unparalleled expertise and support. My approach is centered on building lasting relationships understanding your objectives and delivering tailored solutions that exceed your expectations. Whether you're embarking on your homebuying journey or looking to maximize the value of your investment I am committed to providing you with the guidance resources and advocacy you need to achieve success. Let's embark on this exciting journey together!,Rookie of the Year Award
48,gawain_manthorpe,12,T56424M2,"Korean, Bahasa Indonesia, Chinese","Relocation Services, Home Inspections, Property Marketing, Investment Consulting",Greetings! I'm thrilled to introduce myself as your trusted real estate partner. With a solid background in the industry and a passion for helping people navigate the complexities of buying and selling properties I am here to offer you unparalleled expertise and support. My approach is centered on building lasting relationships understanding your objectives and delivering tailored solutions that exceed your expectations. Whether you're embarking on your homebuying journey or looking to maximize the value of your investment I am committed to providing you with the guidance resources and advocacy you need to achieve success. Let's embark on this exciting journey together!,Leadership Award
49,regina_faltin,3,T95901H4,"Bahasa Indonesia, English, Chinese","Contract Negotiations, Virtual Tours, Relocation Services, Home Inspections, Property Management, Home Inspections, Property Marketing, Market Analysis, Investment Consulting, Home Staging",Hello and welcome! I'm excited to share a bit about myself and my commitment to serving as your trusted real estate advisor. With a focus on integrity professionalism and personalized service I strive to create an exceptional experience for each of my clients. Whether you're a first-time homebuyer or a seasoned investor I bring a wealth of knowledge and expertise to the table along with a genuine passion for helping you achieve your real estate goals. From guiding you through the homebuying process to negotiating the best possible deal I am dedicated to being your advocate every step of the way. Together let's turn your real estate dreams into reality!,Leadership Award
50,bard_gresham,3,P18713T2,"Bahasa Indonesia, Korean","Relocation Services, Home Inspections, Contract Negotiations, Rental Assistance, Property Marketing, Property Management, Virtual Tours, Investment Consulting, Home Inspections",With years of experience in the real estate industry I have honed my skills as a dedicated advocate for my clients' needs and goals. My approach is rooted in building strong relationships listening attentively to your preferences and leveraging my expertise to navigate the complexities of the market with confidence. Whether you're a first-time homebuyer or a seasoned investor I am committed to providing personalized attention timely communication and strategic guidance to help you achieve success in your real estate endeavors. Let me be your partner in turning your property dreams into reality,Most Listings Sold Award
51,lenard_ruspine,12,Z04426S3,"Chinese, Korean","Property Marketing, Home Inspections, Contract Negotiations, Market Analysis, Virtual Tours, Investment Consulting, Rental Assistance, Home Staging, Relocation Services",Hello and welcome! I'm excited to share a bit about myself and my commitment to serving as your trusted real estate advisor. With a focus on integrity professionalism and personalized service I strive to create an exceptional experience for each of my clients. Whether you're a first-time homebuyer or a seasoned investor I bring a wealth of knowledge and expertise to the table along with a genuine passion for helping you achieve your real estate goals. From guiding you through the homebuying process to negotiating the best possible deal I am dedicated to being your advocate every step of the way. Together let's turn your real estate dreams into reality!,Best Customer Service Award
52,culley_curnokk,15,L99971N0,Chinese,"Property Marketing, Rental Assistance, Virtual Tours, Property Management, Contract Negotiations, Relocation Services",Greetings! I'm thrilled to introduce myself as your trusted real estate partner. With a solid background in the industry and a passion for helping people navigate the complexities of buying and selling properties I am here to offer you unparalleled expertise and support. My approach is centered on building lasting relationships understanding your objectives and delivering tailored solutions that exceed your expectations. Whether you're embarking on your homebuying journey or looking to maximize the value of your investment I am committed to providing you with the guidance resources and advocacy you need to achieve success. Let's embark on this exciting journey together!,Best Customer Service Award
53,regina_faltin,9,B54690B0,Korean,"Relocation Services, Property Marketing, Rental Assistance",Hello and welcome! I'm excited to share a bit about myself and my commitment to serving as your trusted real estate advisor. With a focus on integrity professionalism and personalized service I strive to create an exceptional experience for each of my clients. Whether you're a first-time homebuyer or a seasoned investor I bring a wealth of knowledge and expertise to the table along with a genuine passion for helping you achieve your real estate goals. From guiding you through the homebuying process to negotiating the best possible deal I am dedicated to being your advocate every step of the way. Together let's turn your real estate dreams into reality!,Special Recognition Award
54,camey_spottswood,4,L54719T5,"Japanese, English, Bahasa Indonesia","Home Inspections, Home Inspections, Property Management, Market Analysis, Relocation Services, Rental Assistance, Virtual Tours, Property Marketing, Home Staging, Contract Negotiations",Welcome to my profile! As a passionate real estate professional I am driven by a genuine desire to help my clients find the perfect home and achieve their property goals. With a comprehensive understanding of the local market dynamics and a commitment to delivering results I take pride in providing top-notch service and personalized guidance tailored to your unique needs. Whether you're searching for your forever home selling your current property or exploring investment opportunities you can count on me to be your dedicated ally every step of the way. Together let's make your real estate aspirations a reality.,Best Customer Service Award
55,cece_brandenberg,11,F14346J9,"Bahasa Indonesia, Chinese","Relocation Services, Virtual Tours, Investment Consulting, Home Inspections, Property Management, Property Marketing, Home Staging, Home Inspections, Market Analysis",With years of experience in the real estate industry I have honed my skills as a dedicated advocate for my clients' needs and goals. My approach is rooted in building strong relationships listening attentively to your preferences and leveraging my expertise to navigate the complexities of the market with confidence. Whether you're a first-time homebuyer or a seasoned investor I am committed to providing personalized attention timely communication and strategic guidance to help you achieve success in your real estate endeavors. Let me be your partner in turning your property dreams into reality,Rookie of the Year Award
56,camey_spottswood,3,O12816L9,English,"Home Inspections, Virtual Tours, Property Marketing, Home Inspections, Property Management, Contract Negotiations, Home Staging, Relocation Services, Rental Assistance",Greetings! I'm thrilled to introduce myself as your trusted real estate partner. With a solid background in the industry and a passion for helping people navigate the complexities of buying and selling properties I am here to offer you unparalleled expertise and support. My approach is centered on building lasting relationships understanding your objectives and delivering tailored solutions that exceed your expectations. Whether you're embarking on your homebuying journey or looking to maximize the value of your investment I am committed to providing you with the guidance resources and advocacy you need to achieve success. Let's embark on this exciting journey together!,Agent of the Year Award
57,milty_kikke,5,Y37255X5,Bahasa Indonesia,"Virtual Tours, Relocation Services, Investment Consulting",Hello and welcome! I'm excited to share a bit about myself and my commitment to serving as your trusted real estate advisor. With a focus on integrity professionalism and personalized service I strive to create an exceptional experience for each of my clients. Whether you're a first-time homebuyer or a seasoned investor I bring a wealth of knowledge and expertise to the table along with a genuine passion for helping you achieve your real estate goals. From guiding you through the homebuying process to negotiating the best possible deal I am dedicated to being your advocate every step of the way. Together let's turn your real estate dreams into reality!,Lifetime Achievement Award
58,jacenta_attew,14,Z75677O0,"Bahasa Indonesia, Chinese","Home Staging, Market Analysis, Property Management, Investment Consulting, Relocation Services, Home Inspections, Property Marketing, Contract Negotiations",With years of experience in the real estate industry I have honed my skills as a dedicated advocate for my clients' needs and goals. My approach is rooted in building strong relationships listening attentively to your preferences and leveraging my expertise to navigate the complexities of the market with confidence. Whether you're a first-time homebuyer or a seasoned investor I am committed to providing personalized attention timely communication and strategic guidance to help you achieve success in your real estate endeavors. Let me be your partner in turning your property dreams into reality,Special Recognition Award
59,ardys_jell,12,J79978P0,"Chinese, Japanese, Bahasa Indonesia","Rental Assistance, Home Inspections, Investment Consulting, Virtual Tours, Home Staging, Relocation Services, Contract Negotiations, Home Inspections, Property Marketing, Property Management",Hello and welcome! I'm excited to share a bit about myself and my commitment to serving as your trusted real estate advisor. With a focus on integrity professionalism and personalized service I strive to create an exceptional experience for each of my clients. Whether you're a first-time homebuyer or a seasoned investor I bring a wealth of knowledge and expertise to the table along with a genuine passion for helping you achieve your real estate goals. From guiding you through the homebuying process to negotiating the best possible deal I am dedicated to being your advocate every step of the way. Together let's turn your real estate dreams into reality!,Rookie of the Year Award
60,harrietta_donald,6,L84284P2,English,"Market Analysis, Investment Consulting, Relocation Services, Contract Negotiations, Virtual Tours, Home Inspections, Rental Assistance, Property Marketing, Property Management",With years of experience in the real estate industry I have honed my skills as a dedicated advocate for my clients' needs and goals. My approach is rooted in building strong relationships listening attentively to your preferences and leveraging my expertise to navigate the complexities of the market with confidence. Whether you're a first-time homebuyer or a seasoned investor I am committed to providing personalized attention timely communication and strategic guidance to help you achieve success in your real estate endeavors. Let me be your partner in turning your property dreams into reality,Special Recognition Award
61,corie_gilhooly,16,K10641R3,"Chinese, Bahasa Indonesia","Home Inspections, Property Management, Investment Consulting, Rental Assistance, Relocation Services, Virtual Tours, Property Marketing, Contract Negotiations, Home Staging",Hello and welcome! I'm excited to share a bit about myself and my commitment to serving as your trusted real estate advisor. With a focus on integrity professionalism and personalized service I strive to create an exceptional experience for each of my clients. Whether you're a first-time homebuyer or a seasoned investor I bring a wealth of knowledge and expertise to the table along with a genuine passion for helping you achieve your real estate goals. From guiding you through the homebuying process to negotiating the best possible deal I am dedicated to being your advocate every step of the way. Together let's turn your real estate dreams into reality!,Leadership Award
62,cleve_rodgers,10,Z88659L2,"English, Japanese","Property Marketing, Home Staging, Virtual Tours, Contract Negotiations, Investment Consulting, Home Inspections, Relocation Services, Home Inspections",With years of experience in the real estate industry I have honed my skills as a dedicated advocate for my clients' needs and goals. My approach is rooted in building strong relationships listening attentively to your preferences and leveraging my expertise to navigate the complexities of the market with confidence. Whether you're a first-time homebuyer or a seasoned investor I am committed to providing personalized attention timely communication and strategic guidance to help you achieve success in your real estate endeavors. Let me be your partner in turning your property dreams into reality,Special Recognition Award
63,bea_brandon,5,T11876Z3,English,"Relocation Services, Investment Consulting, Home Inspections, Contract Negotiations, Market Analysis, Property Management, Home Inspections, Virtual Tours",Welcome to my profile! As a passionate real estate professional I am driven by a genuine desire to help my clients find the perfect home and achieve their property goals. With a comprehensive understanding of the local market dynamics and a commitment to delivering results I take pride in providing top-notch service and personalized guidance tailored to your unique needs. Whether you're searching for your forever home selling your current property or exploring investment opportunities you can count on me to be your dedicated ally every step of the way. Together let's make your real estate aspirations a reality.,Most Listings Sold Award
64,cesaro_gue,7,D19441H4,"English, Japanese, Chinese","Virtual Tours, Relocation Services, Property Marketing, Property Management, Rental Assistance, Home Inspections, Contract Negotiations, Home Staging",Hello and welcome! I'm excited to share a bit about myself and my commitment to serving as your trusted real estate advisor. With a focus on integrity professionalism and personalized service I strive to create an exceptional experience for each of my clients. Whether you're a first-time homebuyer or a seasoned investor I bring a wealth of knowledge and expertise to the table along with a genuine passion for helping you achieve your real estate goals. From guiding you through the homebuying process to negotiating the best possible deal I am dedicated to being your advocate every step of the way. Together let's turn your real estate dreams into reality!,Agent of the Year Award
65,valene_barden,15,U56839L2,Japanese,"Investment Consulting, Relocation Services, Property Management, Home Inspections, Rental Assistance, Home Inspections, Virtual Tours, Home Staging, Contract Negotiations, Property Marketing",With years of experience in the real estate industry I have honed my skills as a dedicated advocate for my clients' needs and goals. My approach is rooted in building strong relationships listening attentively to your preferences and leveraging my expertise to navigate the complexities of the market with confidence. Whether you're a first-time homebuyer or a seasoned investor I am committed to providing personalized attention timely communication and strategic guidance to help you achieve success in your real estate endeavors. Let me be your partner in turning your property dreams into reality,Best Customer Service Award
66,corie_gilhooly,4,V52984T2,"Bahasa Indonesia, Japanese","Market Analysis, Contract Negotiations, Home Staging",Hello and welcome! I'm excited to share a bit about myself and my commitment to serving as your trusted real estate advisor. With a focus on integrity professionalism and personalized service I strive to create an exceptional experience for each of my clients. Whether you're a first-time homebuyer or a seasoned investor I bring a wealth of knowledge and expertise to the table along with a genuine passion for helping you achieve your real estate goals. From guiding you through the homebuying process to negotiating the best possible deal I am dedicated to being your advocate every step of the way. Together let's turn your real estate dreams into reality!,Lifetime Achievement Award
67,camey_spottswood,8,C29194J4,"Chinese, Japanese","Property Management, Rental Assistance, Home Inspections",With years of experience in the real estate industry I have honed my skills as a dedicated advocate for my clients' needs and goals. My approach is rooted in building strong relationships listening attentively to your preferences and leveraging my expertise to navigate the complexities of the market with confidence. Whether you're a first-time homebuyer or a seasoned investor I am committed to providing personalized attention timely communication and strategic guidance to help you achieve success in your real estate endeavors. Let me be your partner in turning your property dreams into reality,Special Recognition Award
68,ardys_jell,6,X80163W6,Chinese,"Property Marketing, Virtual Tours, Investment Consulting, Home Inspections",With years of experience in the real estate industry I have honed my skills as a dedicated advocate for my clients' needs and goals. My approach is rooted in building strong relationships listening attentively to your preferences and leveraging my expertise to navigate the complexities of the market with confidence. Whether you're a first-time homebuyer or a seasoned investor I am committed to providing personalized attention timely communication and strategic guidance to help you achieve success in your real estate endeavors. Let me be your partner in turning your property dreams into reality,Rookie of the Year Award
69,fanny_emps,12,G58792U0,"English, Bahasa Indonesia","Rental Assistance, Property Management, Home Inspections, Property Marketing, Contract Negotiations, Investment Consulting, Relocation Services, Market Analysis, Home Staging",Greetings! I'm thrilled to introduce myself as your trusted real estate partner. With a solid background in the industry and a passion for helping people navigate the complexities of buying and selling properties I am here to offer you unparalleled expertise and support. My approach is centered on building lasting relationships understanding your objectives and delivering tailored solutions that exceed your expectations. Whether you're embarking on your homebuying journey or looking to maximize the value of your investment I am committed to providing you with the guidance resources and advocacy you need to achieve success. Let's embark on this exciting journey together!,Leadership Award
70,corie_gilhooly,14,U16480W6,Korean,"Contract Negotiations, Rental Assistance, Home Staging, Market Analysis, Relocation Services, Home Inspections, Property Marketing, Property Management",As a seasoned real estate agent I bring a wealth of experience and dedication to every client interaction. My passion for helping individuals and families find their dream homes drives me to go above and beyond in delivering exceptional service. With a deep understanding of the local market trends and a commitment to staying updated on industry developments I strive to provide insightful guidance and expert advice throughout your real estate journey. Whether you're buying selling or investing I am here to serve as your trusted partner ensuring a seamless and rewarding experience from start to finish.,Lifetime Achievement Award
71,bea_brandon,3,W31846T7,"Japanese, English, Korean","Relocation Services, Virtual Tours, Market Analysis, Investment Consulting, Rental Assistance, Home Inspections, Home Inspections",As a seasoned real estate agent I bring a wealth of experience and dedication to every client interaction. My passion for helping individuals and families find their dream homes drives me to go above and beyond in delivering exceptional service. With a deep understanding of the local market trends and a commitment to staying updated on industry developments I strive to provide insightful guidance and expert advice throughout your real estate journey. Whether you're buying selling or investing I am here to serve as your trusted partner ensuring a seamless and rewarding experience from start to finish.,Best Customer Service Award
72,cleve_rodgers,6,W92333U4,"Chinese, Korean","Home Staging, Property Marketing, Home Inspections, Property Management, Market Analysis, Rental Assistance, Investment Consulting, Home Inspections, Relocation Services, Virtual Tours",With years of experience in the real estate industry I have honed my skills as a dedicated advocate for my clients' needs and goals. My approach is rooted in building strong relationships listening attentively to your preferences and leveraging my expertise to navigate the complexities of the market with confidence. Whether you're a first-time homebuyer or a seasoned investor I am committed to providing personalized attention timely communication and strategic guidance to help you achieve success in your real estate endeavors. Let me be your partner in turning your property dreams into reality,Special Recognition Award
73,regina_faltin,11,J49871I5,"Korean, Japanese","Virtual Tours, Contract Negotiations, Home Inspections",Hello and welcome! I'm excited to share a bit about myself and my commitment to serving as your trusted real estate advisor. With a focus on integrity professionalism and personalized service I strive to create an exceptional experience for each of my clients. Whether you're a first-time homebuyer or a seasoned investor I bring a wealth of knowledge and expertise to the table along with a genuine passion for helping you achieve your real estate goals. From guiding you through the homebuying process to negotiating the best possible deal I am dedicated to being your advocate every step of the way. Together let's turn your real estate dreams into reality!,Best Customer Service Award
74,caroline_trembley,8,Z66509C8,English,"Property Management, Contract Negotiations, Home Staging, Market Analysis, Home Inspections, Home Inspections, Rental Assistance, Relocation Services",As a seasoned real estate agent I bring a wealth of experience and dedication to every client interaction. My passion for helping individuals and families find their dream homes drives me to go above and beyond in delivering exceptional service. With a deep understanding of the local market trends and a commitment to staying updated on industry developments I strive to provide insightful guidance and expert advice throughout your real estate journey. Whether you're buying selling or investing I am here to serve as your trusted partner ensuring a seamless and rewarding experience from start to finish.,Most Listings Sold Award
75,culley_curnokk,10,M13132L3,Korean,"Relocation Services, Home Inspections, Property Marketing, Property Management, Home Inspections",Greetings! I'm thrilled to introduce myself as your trusted real estate partner. With a solid background in the industry and a passion for helping people navigate the complexities of buying and selling properties I am here to offer you unparalleled expertise and support. My approach is centered on building lasting relationships understanding your objectives and delivering tailored solutions that exceed your expectations. Whether you're embarking on your homebuying journey or looking to maximize the value of your investment I am committed to providing you with the guidance resources and advocacy you need to achieve success. Let's embark on this exciting journey together!,Lifetime Achievement Award
76,forester_piens,16,H38767T6,"Japanese, Chinese","Relocation Services, Market Analysis, Property Marketing, Virtual Tours, Contract Negotiations, Home Staging, Home Inspections",Greetings! I'm thrilled to introduce myself as your trusted real estate partner. With a solid background in the industry and a passion for helping people navigate the complexities of buying and selling properties I am here to offer you unparalleled expertise and support. My approach is centered on building lasting relationships understanding your objectives and delivering tailored solutions that exceed your expectations. Whether you're embarking on your homebuying journey or looking to maximize the value of your investment I am committed to providing you with the guidance resources and advocacy you need to achieve success. Let's embark on this exciting journey together!,Leadership Award
77,cesaro_gue,14,B20285W9,Chinese,"Property Management, Virtual Tours, Home Inspections, Relocation Services, Investment Consulting, Home Inspections, Home Staging, Market Analysis",Hello and welcome! I'm excited to share a bit about myself and my commitment to serving as your trusted real estate advisor. With a focus on integrity professionalism and personalized service I strive to create an exceptional experience for each of my clients. Whether you're a first-time homebuyer or a seasoned investor I bring a wealth of knowledge and expertise to the table along with a genuine passion for helping you achieve your real estate goals. From guiding you through the homebuying process to negotiating the best possible deal I am dedicated to being your advocate every step of the way. Together let's turn your real estate dreams into reality!,Best Customer Service Award
78,cleve_rodgers,9,O99620D9,English,"Relocation Services, Investment Consulting, Virtual Tours, Home Inspections, Home Inspections",Welcome to my profile! As a passionate real estate professional I am driven by a genuine desire to help my clients find the perfect home and achieve their property goals. With a comprehensive understanding of the local market dynamics and a commitment to delivering results I take pride in providing top-notch service and personalized guidance tailored to your unique needs. Whether you're searching for your forever home selling your current property or exploring investment opportunities you can count on me to be your dedicated ally every step of the way. Together let's make your real estate aspirations a reality.,Most Listings Sold Award
79,corie_gilhooly,4,W35074M4,"Bahasa Indonesia, Japanese, Chinese","Market Analysis, Home Staging, Relocation Services, Home Inspections, Virtual Tours, Contract Negotiations, Property Marketing, Investment Consulting",Hello and welcome! I'm excited to share a bit about myself and my commitment to serving as your trusted real estate advisor. With a focus on integrity professionalism and personalized service I strive to create an exceptional experience for each of my clients. Whether you're a first-time homebuyer or a seasoned investor I bring a wealth of knowledge and expertise to the table along with a genuine passion for helping you achieve your real estate goals. From guiding you through the homebuying process to negotiating the best possible deal I am dedicated to being your advocate every step of the way. Together let's turn your real estate dreams into reality!,Lifetime Achievement Award
80,corie_gilhooly,5,P24779P0,Japanese,"Rental Assistance, Home Staging, Property Management, Home Inspections, Virtual Tours, Market Analysis",Hello and welcome! I'm excited to share a bit about myself and my commitment to serving as your trusted real estate advisor. With a focus on integrity professionalism and personalized service I strive to create an exceptional experience for each of my clients. Whether you're a first-time homebuyer or a seasoned investor I bring a wealth of knowledge and expertise to the table along with a genuine passion for helping you achieve your real estate goals. From guiding you through the homebuying process to negotiating the best possible deal I am dedicated to being your advocate every step of the way. Together let's turn your real estate dreams into reality!,Best Customer Service Award
81,fanny_emps,3,Y10191E9,Bahasa Indonesia,"Relocation Services, Rental Assistance, Contract Negotiations, Home Inspections, Property Management, Home Inspections, Market Analysis, Property Marketing, Virtual Tours",With years of experience in the real estate industry I have honed my skills as a dedicated advocate for my clients' needs and goals. My approach is rooted in building strong relationships listening attentively to your preferences and leveraging my expertise to navigate the complexities of the market with confidence. Whether you're a first-time homebuyer or a seasoned investor I am committed to providing personalized attention timely communication and strategic guidance to help you achieve success in your real estate endeavors. Let me be your partner in turning your property dreams into reality,Most Listings Sold Award
82,nettle_noirel,13,C53582P5,"Korean, English, Chinese","Home Inspections, Home Staging, Relocation Services, Investment Consulting, Home Inspections, Market Analysis, Property Management, Contract Negotiations, Property Marketing, Rental Assistance",Hello and welcome! I'm excited to share a bit about myself and my commitment to serving as your trusted real estate advisor. With a focus on integrity professionalism and personalized service I strive to create an exceptional experience for each of my clients. Whether you're a first-time homebuyer or a seasoned investor I bring a wealth of knowledge and expertise to the table along with a genuine passion for helping you achieve your real estate goals. From guiding you through the homebuying process to negotiating the best possible deal I am dedicated to being your advocate every step of the way. Together let's turn your real estate dreams into reality!,Most Listings Sold Award
83,nettle_noirel,13,S42400Y5,"Chinese, Bahasa Indonesia","Contract Negotiations, Virtual Tours, Home Inspections, Property Marketing, Investment Consulting, Property Management, Market Analysis, Home Inspections, Home Staging",With years of experience in the real estate industry I have honed my skills as a dedicated advocate for my clients' needs and goals. My approach is rooted in building strong relationships listening attentively to your preferences and leveraging my expertise to navigate the complexities of the market with confidence. Whether you're a first-time homebuyer or a seasoned investor I am committed to providing personalized attention timely communication and strategic guidance to help you achieve success in your real estate endeavors. Let me be your partner in turning your property dreams into reality,Special Recognition Award
84,culley_curnokk,6,W30674N9,"Chinese, Korean, English","Home Staging, Property Management, Virtual Tours",As a seasoned real estate agent I bring a wealth of experience and dedication to every client interaction. My passion for helping individuals and families find their dream homes drives me to go above and beyond in delivering exceptional service. With a deep understanding of the local market trends and a commitment to staying updated on industry developments I strive to provide insightful guidance and expert advice throughout your real estate journey. Whether you're buying selling or investing I am here to serve as your trusted partner ensuring a seamless and rewarding experience from start to finish.,Rookie of the Year Award
85,cece_brandenberg,6,Z11981W4,Korean,"Home Inspections, Relocation Services, Investment Consulting, Market Analysis",Hello and welcome! I'm excited to share a bit about myself and my commitment to serving as your trusted real estate advisor. With a focus on integrity professionalism and personalized service I strive to create an exceptional experience for each of my clients. Whether you're a first-time homebuyer or a seasoned investor I bring a wealth of knowledge and expertise to the table along with a genuine passion for helping you achieve your real estate goals. From guiding you through the homebuying process to negotiating the best possible deal I am dedicated to being your advocate every step of the way. Together let's turn your real estate dreams into reality!,Best Customer Service Award
86,corie_gilhooly,4,M51902Q3,"Japanese, Korean, Chinese","Investment Consulting, Rental Assistance, Home Inspections, Contract Negotiations",Welcome to my profile! As a passionate real estate professional I am driven by a genuine desire to help my clients find the perfect home and achieve their property goals. With a comprehensive understanding of the local market dynamics and a commitment to delivering results I take pride in providing top-notch service and personalized guidance tailored to your unique needs. Whether you're searching for your forever home selling your current property or exploring investment opportunities you can count on me to be your dedicated ally every step of the way. Together let's make your real estate aspirations a reality.,Lifetime Achievement Award
87,regina_faltin,16,Z66794B9,"English, Chinese, Japanese","Home Staging, Relocation Services, Home Inspections, Contract Negotiations, Investment Consulting",Hello and welcome! I'm excited to share a bit about myself and my commitment to serving as your trusted real estate advisor. With a focus on integrity professionalism and personalized service I strive to create an exceptional experience for each of my clients. Whether you're a first-time homebuyer or a seasoned investor I bring a wealth of knowledge and expertise to the table along with a genuine passion for helping you achieve your real estate goals. From guiding you through the homebuying process to negotiating the best possible deal I am dedicated to being your advocate every step of the way. Together let's turn your real estate dreams into reality!,Agent of the Year Award
88,lenard_ruspine,16,P81487Y6,"Korean, Bahasa Indonesia, English","Property Management, Property Marketing, Home Inspections",As a seasoned real estate agent I bring a wealth of experience and dedication to every client interaction. My passion for helping individuals and families find their dream homes drives me to go above and beyond in delivering exceptional service. With a deep understanding of the local market trends and a commitment to staying updated on industry developments I strive to provide insightful guidance and expert advice throughout your real estate journey. Whether you're buying selling or investing I am here to serve as your trusted partner ensuring a seamless and rewarding experience from start to finish.,Lifetime Achievement Award
89,kelley_langabeer,6,Q47399M0,"Korean, English","Market Analysis, Investment Consulting, Rental Assistance, Home Inspections, Contract Negotiations, Property Marketing, Relocation Services, Home Staging, Property Management",Greetings! I'm thrilled to introduce myself as your trusted real estate partner. With a solid background in the industry and a passion for helping people navigate the complexities of buying and selling properties I am here to offer you unparalleled expertise and support. My approach is centered on building lasting relationships understanding your objectives and delivering tailored solutions that exceed your expectations. Whether you're embarking on your homebuying journey or looking to maximize the value of your investment I am committed to providing you with the guidance resources and advocacy you need to achieve success. Let's embark on this exciting journey together!,Rookie of the Year Award
90,corie_gilhooly,8,N04948T3,"English, Japanese","Relocation Services, Property Management, Contract Negotiations, Rental Assistance, Home Staging, Property Marketing, Virtual Tours",Welcome to my profile! As a passionate real estate professional I am driven by a genuine desire to help my clients find the perfect home and achieve their property goals. With a comprehensive understanding of the local market dynamics and a commitment to delivering results I take pride in providing top-notch service and personalized guidance tailored to your unique needs. Whether you're searching for your forever home selling your current property or exploring investment opportunities you can count on me to be your dedicated ally every step of the way. Together let's make your real estate aspirations a reality.,Best Customer Service Award
91,nettle_noirel,6,I62392Z0,"Japanese, Chinese","Virtual Tours, Home Staging, Home Inspections, Relocation Services, Home Inspections",As a seasoned real estate agent I bring a wealth of experience and dedication to every client interaction. My passion for helping individuals and families find their dream homes drives me to go above and beyond in delivering exceptional service. With a deep understanding of the local market trends and a commitment to staying updated on industry developments I strive to provide insightful guidance and expert advice throughout your real estate journey. Whether you're buying selling or investing I am here to serve as your trusted partner ensuring a seamless and rewarding experience from start to finish.,Lifetime Achievement Award
92,jolie_ikringill,14,W73899C9,Chinese,"Property Marketing, Virtual Tours, Home Inspections, Home Inspections",As a seasoned real estate agent I bring a wealth of experience and dedication to every client interaction. My passion for helping individuals and families find their dream homes drives me to go above and beyond in delivering exceptional service. With a deep understanding of the local market trends and a commitment to staying updated on industry developments I strive to provide insightful guidance and expert advice throughout your real estate journey. Whether you're buying selling or investing I am here to serve as your trusted partner ensuring a seamless and rewarding experience from start to finish.,Best Customer Service Award
93,culley_curnokk,4,E08696H8,"Korean, Japanese","Home Inspections, Virtual Tours, Home Inspections, Rental Assistance, Property Management",Hello and welcome! I'm excited to share a bit about myself and my commitment to serving as your trusted real estate advisor. With a focus on integrity professionalism and personalized service I strive to create an exceptional experience for each of my clients. Whether you're a first-time homebuyer or a seasoned investor I bring a wealth of knowledge and expertise to the table along with a genuine passion for helping you achieve your real estate goals. From guiding you through the homebuying process to negotiating the best possible deal I am dedicated to being your advocate every step of the way. Together let's turn your real estate dreams into reality!,Agent of the Year Award
94,jacenta_attew,3,P63969B8,"Chinese, Bahasa Indonesia","Property Management, Relocation Services, Home Staging, Home Inspections, Property Marketing, Rental Assistance",Greetings! I'm thrilled to introduce myself as your trusted real estate partner. With a solid background in the industry and a passion for helping people navigate the complexities of buying and selling properties I am here to offer you unparalleled expertise and support. My approach is centered on building lasting relationships understanding your objectives and delivering tailored solutions that exceed your expectations. Whether you're embarking on your homebuying journey or looking to maximize the value of your investment I am committed to providing you with the guidance resources and advocacy you need to achieve success. Let's embark on this exciting journey together!,Leadership Award
95,mata_thynne,3,O53736Z0,Korean,"Relocation Services, Home Staging, Market Analysis, Home Inspections, Contract Negotiations, Investment Consulting, Rental Assistance, Property Management, Property Marketing",With years of experience in the real estate industry I have honed my skills as a dedicated advocate for my clients' needs and goals. My approach is rooted in building strong relationships listening attentively to your preferences and leveraging my expertise to navigate the complexities of the market with confidence. Whether you're a first-time homebuyer or a seasoned investor I am committed to providing personalized attention timely communication and strategic guidance to help you achieve success in your real estate endeavors. Let me be your partner in turning your property dreams into reality,Rookie of the Year Award
96,gawain_manthorpe,8,C92743R5,Bahasa Indonesia,"Home Inspections, Rental Assistance, Home Inspections, Contract Negotiations, Home Staging, Property Marketing",As a seasoned real estate agent I bring a wealth of experience and dedication to every client interaction. My passion for helping individuals and families find their dream homes drives me to go above and beyond in delivering exceptional service. With a deep understanding of the local market trends and a commitment to staying updated on industry developments I strive to provide insightful guidance and expert advice throughout your real estate journey. Whether you're buying selling or investing I am here to serve as your trusted partner ensuring a seamless and rewarding experience from start to finish.,Agent of the Year Award
97,lenard_ruspine,9,F55173C5,"English, Bahasa Indonesia","Relocation Services, Market Analysis, Rental Assistance, Home Inspections, Property Marketing, Contract Negotiations",With years of experience in the real estate industry I have honed my skills as a dedicated advocate for my clients' needs and goals. My approach is rooted in building strong relationships listening attentively to your preferences and leveraging my expertise to navigate the complexities of the market with confidence. Whether you're a first-time homebuyer or a seasoned investor I am committed to providing personalized attention timely communication and strategic guidance to help you achieve success in your real estate endeavors. Let me be your partner in turning your property dreams into reality,Rookie of the Year Award
98,forester_piens,6,R69743A0,Bahasa Indonesia,"Market Analysis, Investment Consulting, Contract Negotiations, Home Inspections, Property Management, Relocation Services, Property Marketing, Home Inspections, Home Staging, Virtual Tours",Greetings! I'm thrilled to introduce myself as your trusted real estate partner. With a solid background in the industry and a passion for helping people navigate the complexities of buying and selling properties I am here to offer you unparalleled expertise and support. My approach is centered on building lasting relationships understanding your objectives and delivering tailored solutions that exceed your expectations. Whether you're embarking on your homebuying journey or looking to maximize the value of your investment I am committed to providing you with the guidance resources and advocacy you need to achieve success. Let's embark on this exciting journey together!,Agent of the Year Award
99,mata_thynne,13,K58721Z9,Japanese,"Home Inspections, Property Management, Property Marketing, Investment Consulting, Relocation Services",Welcome to my profile! As a passionate real estate professional I am driven by a genuine desire to help my clients find the perfect home and achieve their property goals. With a comprehensive understanding of the local market dynamics and a commitment to delivering results I take pride in providing top-notch service and personalized guidance tailored to your unique needs. Whether you're searching for your forever home selling your current property or exploring investment opportunities you can count on me to be your dedicated ally every step of the way. Together let's make your real estate aspirations a reality.,Lifetime Achievement Award
100,ardys_jell,15,W61703A3,"English, Chinese, Japanese","Rental Assistance, Market Analysis, Home Inspections, Contract Negotiations",Hello and welcome! I'm excited to share a bit about myself and my commitment to serving as your trusted real estate advisor. With a focus on integrity professionalism and personalized service I strive to create an exceptional experience for each of my clients. Whether you're a first-time homebuyer or a seasoned investor I bring a wealth of knowledge and expertise to the table along with a genuine passion for helping you achieve your real estate goals. From guiding you through the homebuying process to negotiating the best possible deal I am dedicated to being your advocate every step of the way. Together let's turn your real estate dreams into reality!,Best Customer Service Award
101,berthe_shackle,12,S16361I1,"Japanese, Chinese, English","Home Inspections, Home Inspections, Property Marketing, Investment Consulting, Home Staging, Rental Assistance, Virtual Tours, Contract Negotiations, Property Management, Relocation Services",Welcome to my profile! As a passionate real estate professional I am driven by a genuine desire to help my clients find the perfect home and achieve their property goals. With a comprehensive understanding of the local market dynamics and a commitment to delivering results I take pride in providing top-notch service and personalized guidance tailored to your unique needs. Whether you're searching for your forever home selling your current property or exploring investment opportunities you can count on me to be your dedicated ally every step of the way. Together let's make your real estate aspirations a reality.,Lifetime Achievement Award
102,kelley_langabeer,16,U01670R2,Korean,"Property Marketing, Home Inspections, Property Management, Market Analysis",Hello and welcome! I'm excited to share a bit about myself and my commitment to serving as your trusted real estate advisor. With a focus on integrity professionalism and personalized service I strive to create an exceptional experience for each of my clients. Whether you're a first-time homebuyer or a seasoned investor I bring a wealth of knowledge and expertise to the table along with a genuine passion for helping you achieve your real estate goals. From guiding you through the homebuying process to negotiating the best possible deal I am dedicated to being your advocate every step of the way. Together let's turn your real estate dreams into reality!,Best Customer Service Award
